p0,s0,s1,s2,s3,s4,s5,s6,s7,s8,s9,s10,time
5,0,0,0,0,0,0,0,0,0,0,0,56
10,0,0,0,0,0,0,0,0,0,0,0,6266
15,0,0,0,0,0,0,0,0,0,0,0,8351
20,0,0,0,0,0,0,0,0,0,0,0,8347
25,0,0,0,0,0,0,0,0,0,0,0,10441
30,0,0,0,0,0,0,0,0,0,0,0,10450
35,0,0,0,0,0,0,0,0,0,0,0,10447
40,0,0,0,0,0,0,0,0,0,0,0,12531
45,0,0,0,0,0,0,0,0,0,0,0,12521
50,0,0,0,0,0,0,0,0,0,0,0,12554
55,0,0,0,0,0,0,0,0,0,0,0,12590
60,0,0,0,0,0,0,0,0,0,0,0,12544
65,0,0,0,0,0,0,0,0,0,0,0,12512
70,0,0,0,0,0,0,0,0,0,0,0,14642
75,0,0,0,0,0,0,0,0,0,0,0,14525
80,0,0,0,0,0,0,0,0,0,0,0,14630
85,0,0,0,0,0,0,0,0,0,0,0,14556
90,0,0,0,0,0,0,0,0,0,0,0,14588
95,0,0,0,0,0,0,0,0,0,0,0,14642
100,0,0,0,0,0,0,0,0,0,0,0,14588
105,0,0,0,0,0,0,0,0,0,0,0,14602
5,0,0,0,0,0,0,0,1,0,1,0,63
10,0,0,0,0,0,0,0,1,0,1,0,6263
15,0,0,0,0,0,0,0,1,0,1,0,8356
20,0,0,0,0,0,0,0,1,0,1,0,8417
25,0,0,0,0,0,0,0,1,0,1,0,10450
30,0,0,0,0,0,0,0,1,0,1,0,10453
35,0,0,0,0,0,0,0,1,0,1,0,10449
40,0,0,0,0,0,0,0,1,0,1,0,12441
45,0,0,0,0,0,0,0,1,0,1,0,12545
50,0,0,0,0,0,0,0,1,0,1,0,12538
55,0,0,0,0,0,0,0,1,0,1,0,12546
60,0,0,0,0,0,0,0,1,0,1,0,12525
65,0,0,0,0,0,0,0,1,0,1,0,12532
70,0,0,0,0,0,0,0,1,0,1,0,14628
75,0,0,0,0,0,0,0,1,0,1,0,14627
80,0,0,0,0,0,0,0,1,0,1,0,14584
85,0,0,0,0,0,0,0,1,0,1,0,14609
90,0,0,0,0,0,0,0,1,0,1,0,14675
95,0,0,0,0,0,0,0,1,0,1,0,14640
100,0,0,0,0,0,0,0,1,0,1,0,14672
105,0,0,0,0,0,0,0,1,0,1,0,14596
5,0,0,0,0,0,0,1,0,1,0,0,55
10,0,0,0,0,0,0,1,0,1,0,0,6261
15,0,0,0,0,0,0,1,0,1,0,0,8350
20,0,0,0,0,0,0,1,0,1,0,0,8357
25,0,0,0,0,0,0,1,0,1,0,0,10447
30,0,0,0,0,0,0,1,0,1,0,0,10456
35,0,0,0,0,0,0,1,0,1,0,0,10458
40,0,0,0,0,0,0,1,0,1,0,0,12552
45,0,0,0,0,0,0,1,0,1,0,0,12499
50,0,0,0,0,0,0,1,0,1,0,0,12516
55,0,0,0,0,0,0,1,0,1,0,0,12486
60,0,0,0,0,0,0,1,0,1,0,0,12554
65,0,0,0,0,0,0,1,0,1,0,0,12542
70,0,0,0,0,0,0,1,0,1,0,0,14593
75,0,0,0,0,0,0,1,0,1,0,0,14622
80,0,0,0,0,0,0,1,0,1,0,0,14650
85,0,0,0,0,0,0,1,0,1,0,0,14642
90,0,0,0,0,0,0,1,0,1,0,0,14695
95,0,0,0,0,0,0,1,0,1,0,0,14566
100,0,0,0,0,0,0,1,0,1,0,0,14523
105,0,0,0,0,0,0,1,0,1,0,0,14650
5,0,0,0,0,0,0,1,1,1,1,0,54
10,0,0,0,0,0,0,1,1,1,1,0,6345
15,0,0,0,0,0,0,1,1,1,1,0,8317
20,0,0,0,0,0,0,1,1,1,1,0,8354
25,0,0,0,0,0,0,1,1,1,1,0,10442
30,0,0,0,0,0,0,1,1,1,1,0,10517
35,0,0,0,0,0,0,1,1,1,1,0,10452
40,0,0,0,0,0,0,1,1,1,1,0,12541
45,0,0,0,0,0,0,1,1,1,1,0,12532
50,0,0,0,0,0,0,1,1,1,1,0,12548
55,0,0,0,0,0,0,1,1,1,1,0,12550
60,0,0,0,0,0,0,1,1,1,1,0,12480
65,0,0,0,0,0,0,1,1,1,1,0,12548
70,0,0,0,0,0,0,1,1,1,1,0,14645
75,0,0,0,0,0,0,1,1,1,1,0,14610
80,0,0,0,0,0,0,1,1,1,1,0,14641
85,0,0,0,0,0,0,1,1,1,1,0,14647
90,0,0,0,0,0,0,1,1,1,1,0,14617
95,0,0,0,0,0,0,1,1,1,1,0,14576
100,0,0,0,0,0,0,1,1,1,1,0,14580
105,0,0,0,0,0,0,1,1,1,1,0,14625
5,0,0,0,0,0,1,0,1,0,0,0,55
10,0,0,0,0,0,1,0,1,0,0,0,6302
15,0,0,0,0,0,1,0,1,0,0,0,8350
20,0,0,0,0,0,1,0,1,0,0,0,8414
25,0,0,0,0,0,1,0,1,0,0,0,10457
30,0,0,0,0,0,1,0,1,0,0,0,10444
35,0,0,0,0,0,1,0,1,0,0,0,10508
40,0,0,0,0,0,1,0,1,0,0,0,12530
45,0,0,0,0,0,1,0,1,0,0,0,12542
50,0,0,0,0,0,1,0,1,0,0,0,12571
55,0,0,0,0,0,1,0,1,0,0,0,12586
60,0,0,0,0,0,1,0,1,0,0,0,12548
65,0,0,0,0,0,1,0,1,0,0,0,12503
70,0,0,0,0,0,1,0,1,0,0,0,14647
75,0,0,0,0,0,1,0,1,0,0,0,14636
80,0,0,0,0,0,1,0,1,0,0,0,14626
85,0,0,0,0,0,1,0,1,0,0,0,14641
90,0,0,0,0,0,1,0,1,0,0,0,14638
95,0,0,0,0,0,1,0,1,0,0,0,14618
100,0,0,0,0,0,1,0,1,0,0,0,14736
105,0,0,0,0,0,1,0,1,0,0,0,14636
5,0,0,0,0,0,1,1,0,0,1,0,55
10,0,0,0,0,0,1,1,0,0,1,0,6260
15,0,0,0,0,0,1,1,0,0,1,0,8355
20,0,0,0,0,0,1,1,0,0,1,0,8357
25,0,0,0,0,0,1,1,0,0,1,0,10452
30,0,0,0,0,0,1,1,0,0,1,0,10562
35,0,0,0,0,0,1,1,0,0,1,0,10451
40,0,0,0,0,0,1,1,0,0,1,0,12542
45,0,0,0,0,0,1,1,0,0,1,0,12544
50,0,0,0,0,0,1,1,0,0,1,0,12479
55,0,0,0,0,0,1,1,0,0,1,0,12510
60,0,0,0,0,0,1,1,0,0,1,0,12544
65,0,0,0,0,0,1,1,0,0,1,0,12554
70,0,0,0,0,0,1,1,0,0,1,0,14609
75,0,0,0,0,0,1,1,0,0,1,0,14639
80,0,0,0,0,0,1,1,0,0,1,0,14645
85,0,0,0,0,0,1,1,0,0,1,0,14592
90,0,0,0,0,0,1,1,0,0,1,0,14597
95,0,0,0,0,0,1,1,0,0,1,0,14639
100,0,0,0,0,0,1,1,0,0,1,0,14616
105,0,0,0,0,0,1,1,0,0,1,0,14606
5,0,0,0,0,0,1,1,1,1,0,0,58
10,0,0,0,0,0,1,1,1,1,0,0,6260
15,0,0,0,0,0,1,1,1,1,0,0,8357
20,0,0,0,0,0,1,1,1,1,0,0,8353
25,0,0,0,0,0,1,1,1,1,0,0,10433
30,0,0,0,0,0,1,1,1,1,0,0,10476
35,0,0,0,0,0,1,1,1,1,0,0,10438
40,0,0,0,0,0,1,1,1,1,0,0,12499
45,0,0,0,0,0,1,1,1,1,0,0,12570
50,0,0,0,0,0,1,1,1,1,0,0,12455
55,0,0,0,0,0,1,1,1,1,0,0,12507
60,0,0,0,0,0,1,1,1,1,0,0,12548
65,0,0,0,0,0,1,1,1,1,0,0,12561
70,0,0,0,0,0,1,1,1,1,0,0,14560
75,0,0,0,0,0,1,1,1,1,0,0,14646
80,0,0,0,0,0,1,1,1,1,0,0,14653
85,0,0,0,0,0,1,1,1,1,0,0,14642
90,0,0,0,0,0,1,1,1,1,0,0,14650
95,0,0,0,0,0,1,1,1,1,0,0,14682
100,0,0,0,0,0,1,1,1,1,0,0,14632
105,0,0,0,0,0,1,1,1,1,0,0,14648
5,0,0,0,0,1,0,0,0,1,1,0,55
10,0,0,0,0,1,0,0,0,1,1,0,6324
15,0,0,0,0,1,0,0,0,1,1,0,8355
20,0,0,0,0,1,0,0,0,1,1,0,8428
25,0,0,0,0,1,0,0,0,1,1,0,10454
30,0,0,0,0,1,0,0,0,1,1,0,10427
35,0,0,0,0,1,0,0,0,1,1,0,10460
40,0,0,0,0,1,0,0,0,1,1,0,12546
45,0,0,0,0,1,0,0,0,1,1,0,12545
50,0,0,0,0,1,0,0,0,1,1,0,12587
55,0,0,0,0,1,0,0,0,1,1,0,12528
60,0,0,0,0,1,0,0,0,1,1,0,12552
65,0,0,0,0,1,0,0,0,1,1,0,12548
70,0,0,0,0,1,0,0,0,1,1,0,14642
75,0,0,0,0,1,0,0,0,1,1,0,14569
80,0,0,0,0,1,0,0,0,1,1,0,14628
85,0,0,0,0,1,0,0,0,1,1,0,14641
90,0,0,0,0,1,0,0,0,1,1,0,14604
95,0,0,0,0,1,0,0,0,1,1,0,14654
100,0,0,0,0,1,0,0,0,1,1,0,14633
105,0,0,0,0,1,0,0,0,1,1,0,14681
5,0,0,0,0,1,0,1,0,0,0,0,54
10,0,0,0,0,1,0,1,0,0,0,0,6261
15,0,0,0,0,1,0,1,0,0,0,0,8356
20,0,0,0,0,1,0,1,0,0,0,0,8349
25,0,0,0,0,1,0,1,0,0,0,0,10454
30,0,0,0,0,1,0,1,0,0,0,0,10448
35,0,0,0,0,1,0,1,0,0,0,0,10443
40,0,0,0,0,1,0,1,0,0,0,0,12529
45,0,0,0,0,1,0,1,0,0,0,0,12549
50,0,0,0,0,1,0,1,0,0,0,0,12558
55,0,0,0,0,1,0,1,0,0,0,0,12544
60,0,0,0,0,1,0,1,0,0,0,0,12547
65,0,0,0,0,1,0,1,0,0,0,0,12547
70,0,0,0,0,1,0,1,0,0,0,0,14623
75,0,0,0,0,1,0,1,0,0,0,0,14576
80,0,0,0,0,1,0,1,0,0,0,0,14556
85,0,0,0,0,1,0,1,0,0,0,0,14638
90,0,0,0,0,1,0,1,0,0,0,0,14626
95,0,0,0,0,1,0,1,0,0,0,0,14643
100,0,0,0,0,1,0,1,0,0,0,0,14688
105,0,0,0,0,1,0,1,0,0,0,0,14582
5,0,0,0,0,1,1,0,0,1,0,0,88
10,0,0,0,0,1,1,0,0,1,0,0,10544
15,0,0,0,0,1,1,0,0,1,0,0,20799
20,0,0,0,0,1,1,0,0,1,0,0,31196
25,0,0,0,0,1,1,0,0,1,0,0,44707
30,0,0,0,0,1,1,0,0,1,0,0,51814
35,0,0,0,0,1,1,0,0,1,0,0,62578
40,0,0,0,0,1,1,0,0,1,0,0,72697
45,0,0,0,0,1,1,0,0,1,0,0,83760
50,0,0,0,0,1,1,0,0,1,0,0,93585
55,0,0,0,0,1,1,0,0,1,0,0,104700
60,0,0,0,0,1,1,0,0,1,0,0,115128
65,0,0,0,0,1,1,0,0,1,0,0,124653
70,0,0,0,0,1,1,0,0,1,0,0,136149
75,0,0,0,0,1,1,0,0,1,0,0,146022
80,0,0,0,0,1,1,0,0,1,0,0,155929
85,0,0,0,0,1,1,0,0,1,0,0,167605
90,0,0,0,0,1,1,0,0,1,0,0,176259
95,0,0,0,0,1,1,0,0,1,0,0,187091
100,0,0,0,0,1,1,0,0,1,0,0,198490
105,0,0,0,0,1,1,0,0,1,0,0,207876
5,0,0,0,0,1,1,0,1,1,1,0,56
10,0,0,0,0,1,1,0,1,1,1,0,10434
15,0,0,0,0,1,1,0,1,1,1,0,20923
20,0,0,0,0,1,1,0,1,1,1,0,31433
25,0,0,0,0,1,1,0,1,1,1,0,41610
30,0,0,0,0,1,1,0,1,1,1,0,52393
35,0,0,0,0,1,1,0,1,1,1,0,62568
40,0,0,0,0,1,1,0,1,1,1,0,73301
45,0,0,0,0,1,1,0,1,1,1,0,83469
50,0,0,0,0,1,1,0,1,1,1,0,94261
55,0,0,0,0,1,1,0,1,1,1,0,104158
60,0,0,0,0,1,1,0,1,1,1,0,114106
65,0,0,0,0,1,1,0,1,1,1,0,124621
70,0,0,0,0,1,1,0,1,1,1,0,136126
75,0,0,0,0,1,1,0,1,1,1,0,145061
80,0,0,0,0,1,1,0,1,1,1,0,156726
85,0,0,0,0,1,1,0,1,1,1,0,167322
90,0,0,0,0,1,1,0,1,1,1,0,176752
95,0,0,0,0,1,1,0,1,1,1,0,188961
100,0,0,0,0,1,1,0,1,1,1,0,197837
105,0,0,0,0,1,1,0,1,1,1,0,208412
5,0,0,0,0,1,1,1,1,0,0,0,58
10,0,0,0,0,1,1,1,1,0,0,0,10479
15,0,0,0,0,1,1,1,1,0,0,0,20922
20,0,0,0,0,1,1,1,1,0,0,0,31369
25,0,0,0,0,1,1,1,1,0,0,0,41878
30,0,0,0,0,1,1,1,1,0,0,0,51872
35,0,0,0,0,1,1,1,1,0,0,0,62248
40,0,0,0,0,1,1,1,1,0,0,0,72917
45,0,0,0,0,1,1,1,1,0,0,0,83768
50,0,0,0,0,1,1,1,1,0,0,0,94236
55,0,0,0,0,1,1,1,1,0,0,0,103796
60,0,0,0,0,1,1,1,1,0,0,0,114387
65,0,0,0,0,1,1,1,1,0,0,0,125665
70,0,0,0,0,1,1,1,1,0,0,0,135882
75,0,0,0,0,1,1,1,1,0,0,0,145680
80,0,0,0,0,1,1,1,1,0,0,0,156314
85,0,0,0,0,1,1,1,1,0,0,0,166420
90,0,0,0,0,1,1,1,1,0,0,0,177756
95,0,0,0,0,1,1,1,1,0,0,0,188485
100,0,0,0,0,1,1,1,1,0,0,0,199018
105,0,0,0,0,1,1,1,1,0,0,0,209387
5,0,0,0,1,0,0,0,0,0,1,0,56
10,0,0,0,1,0,0,0,0,0,1,0,10452
15,0,0,0,1,0,0,0,0,0,1,0,20668
20,0,0,0,1,0,0,0,0,0,1,0,31408
25,0,0,0,1,0,0,0,0,0,1,0,41883
30,0,0,0,1,0,0,0,0,0,1,0,52345
35,0,0,0,1,0,0,0,0,0,1,0,62815
40,0,0,0,1,0,0,0,0,0,1,0,73306
45,0,0,0,1,0,0,0,0,0,1,0,83742
50,0,0,0,1,0,0,0,0,0,1,0,93286
55,0,0,0,1,0,0,0,0,0,1,0,103966
60,0,0,0,1,0,0,0,0,0,1,0,114024
65,0,0,0,1,0,0,0,0,0,1,0,124643
70,0,0,0,1,0,0,0,0,0,1,0,134522
75,0,0,0,1,0,0,0,0,0,1,0,145114
80,0,0,0,1,0,0,0,0,0,1,0,156047
85,0,0,0,1,0,0,0,0,0,1,0,166093
90,0,0,0,1,0,0,0,0,0,1,0,178494
95,0,0,0,1,0,0,0,0,0,1,0,186570
100,0,0,0,1,0,0,0,0,0,1,0,196734
105,0,0,0,1,0,0,0,0,0,1,0,207500
5,0,0,0,1,0,0,0,1,1,0,0,58
10,0,0,0,1,0,0,0,1,1,0,0,10453
15,0,0,0,1,0,0,0,1,1,0,0,20726
20,0,0,0,1,0,0,0,1,1,0,0,30997
25,0,0,0,1,0,0,0,1,1,0,0,41584
30,0,0,0,1,0,0,0,1,1,0,0,52180
35,0,0,0,1,0,0,0,1,1,0,0,62114
40,0,0,0,1,0,0,0,1,1,0,0,72713
45,0,0,0,1,0,0,0,1,1,0,0,82591
50,0,0,0,1,0,0,0,1,1,0,0,93531
55,0,0,0,1,0,0,0,1,1,0,0,104081
60,0,0,0,1,0,0,0,1,1,0,0,114005
65,0,0,0,1,0,0,0,1,1,0,0,124330
70,0,0,0,1,0,0,0,1,1,0,0,134898
75,0,0,0,1,0,0,0,1,1,0,0,145217
80,0,0,0,1,0,0,0,1,1,0,0,155591
85,0,0,0,1,0,0,0,1,1,0,0,165938
90,0,0,0,1,0,0,0,1,1,0,0,176640
95,0,0,0,1,0,0,0,1,1,0,0,186489
100,0,0,0,1,0,0,0,1,1,0,0,196991
105,0,0,0,1,0,0,0,1,1,0,0,208874
5,0,0,0,1,0,0,1,0,1,1,0,57
10,0,0,0,1,0,0,1,0,1,1,0,10443
15,0,0,0,1,0,0,1,0,1,1,0,20793
20,0,0,0,1,0,0,1,0,1,1,0,31244
25,0,0,0,1,0,0,1,0,1,1,0,41641
30,0,0,0,1,0,0,1,0,1,1,0,52025
35,0,0,0,1,0,0,1,0,1,1,0,62432
40,0,0,0,1,0,0,1,0,1,1,0,72732
45,0,0,0,1,0,0,1,0,1,1,0,83283
50,0,0,0,1,0,0,1,0,1,1,0,93479
55,0,0,0,1,0,0,1,0,1,1,0,103722
60,0,0,0,1,0,0,1,0,1,1,0,114024
65,0,0,0,1,0,0,1,0,1,1,0,124655
70,0,0,0,1,0,0,1,0,1,1,0,139214
75,0,0,0,1,0,0,1,0,1,1,0,144902
80,0,0,0,1,0,0,1,0,1,1,0,155798
85,0,0,0,1,0,0,1,0,1,1,0,165864
90,0,0,0,1,0,0,1,0,1,1,0,176519
95,0,0,0,1,0,0,1,0,1,1,0,186683
100,0,0,0,1,0,0,1,0,1,1,0,196937
105,0,0,0,1,0,0,1,0,1,1,0,206847
5,0,0,0,1,0,1,0,0,0,0,0,58
10,0,0,0,1,0,1,0,0,0,0,0,10471
15,0,0,0,1,0,1,0,0,0,0,0,20908
20,0,0,0,1,0,1,0,0,0,0,0,31174
25,0,0,0,1,0,1,0,0,0,0,0,41589
30,0,0,0,1,0,1,0,0,0,0,0,51847
35,0,0,0,1,0,1,0,0,0,0,0,62259
40,0,0,0,1,0,1,0,0,0,0,0,72904
45,0,0,0,1,0,1,0,0,0,0,0,83240
50,0,0,0,1,0,1,0,0,0,0,0,93141
55,0,0,0,1,0,1,0,0,0,0,0,104040
60,0,0,0,1,0,1,0,0,0,0,0,114161
65,0,0,0,1,0,1,0,0,0,0,0,124653
70,0,0,0,1,0,1,0,0,0,0,0,134570
75,0,0,0,1,0,1,0,0,0,0,0,147247
80,0,0,0,1,0,1,0,0,0,0,0,155205
85,0,0,0,1,0,1,0,0,0,0,0,165976
90,0,0,0,1,0,1,0,0,0,0,0,176484
95,0,0,0,1,0,1,0,0,0,0,0,187087
100,0,0,0,1,0,1,0,0,0,0,0,196814
105,0,0,0,1,0,1,0,0,0,0,0,207760
5,0,0,0,1,0,1,0,1,0,1,0,65
10,0,0,0,1,0,1,0,1,0,1,0,10438
15,0,0,0,1,0,1,0,1,0,1,0,20875
20,0,0,0,1,0,1,0,1,0,1,0,31292
25,0,0,0,1,0,1,0,1,0,1,0,41704
30,0,0,0,1,0,1,0,1,0,1,0,51784
35,0,0,0,1,0,1,0,1,0,1,0,63729
40,0,0,0,1,0,1,0,1,0,1,0,72628
45,0,0,0,1,0,1,0,1,0,1,0,83344
50,0,0,0,1,0,1,0,1,0,1,0,93515
55,0,0,0,1,0,1,0,1,0,1,0,103949
60,0,0,0,1,0,1,0,1,0,1,0,113926
65,0,0,0,1,0,1,0,1,0,1,0,124247
70,0,0,0,1,0,1,0,1,0,1,0,136161
75,0,0,0,1,0,1,0,1,0,1,0,145256
80,0,0,0,1,0,1,0,1,0,1,0,155395
85,0,0,0,1,0,1,0,1,0,1,0,166214
90,0,0,0,1,0,1,0,1,0,1,0,176154
95,0,0,0,1,0,1,0,1,0,1,0,187205
100,0,0,0,1,0,1,0,1,0,1,0,197221
105,0,0,0,1,0,1,0,1,0,1,0,208038
5,0,0,0,1,0,1,1,0,1,0,0,82
10,0,0,0,1,0,1,1,0,1,0,0,10474
15,0,0,0,1,0,1,1,0,1,0,0,20925
20,0,0,0,1,0,1,1,0,1,0,0,31216
25,0,0,0,1,0,1,1,0,1,0,0,41774
30,0,0,0,1,0,1,1,0,1,0,0,51876
35,0,0,0,1,0,1,1,0,1,0,0,62773
40,0,0,0,1,0,1,1,0,1,0,0,73122
45,0,0,0,1,0,1,1,0,1,0,0,83238
50,0,0,0,1,0,1,1,0,1,0,0,94092
55,0,0,0,1,0,1,1,0,1,0,0,104524
60,0,0,0,1,0,1,1,0,1,0,0,113922
65,0,0,0,1,0,1,1,0,1,0,0,124477
70,0,0,0,1,0,1,1,0,1,0,0,134920
75,0,0,0,1,0,1,1,0,1,0,0,145431
80,0,0,0,1,0,1,1,0,1,0,0,155312
85,0,0,0,1,0,1,1,0,1,0,0,166546
90,0,0,0,1,0,1,1,0,1,0,0,179003
95,0,0,0,1,0,1,1,0,1,0,0,187255
100,0,0,0,1,0,1,1,0,1,0,0,198412
105,0,0,0,1,0,1,1,0,1,0,0,207589
5,0,0,0,1,1,0,0,1,0,0,0,62
10,0,0,0,1,1,0,0,1,0,0,0,31279
15,0,0,0,1,1,0,0,1,0,0,0,83349
20,0,0,0,1,1,0,0,1,0,0,0,124372
25,0,0,0,1,1,0,0,1,0,0,0,208158
30,0,0,0,1,1,0,0,1,0,0,0,259525
35,0,0,0,1,1,0,0,1,0,0,0,310826
40,0,0,0,1,1,0,0,1,0,0,0,437630
45,0,0,0,1,1,0,0,1,0,0,0,500909
50,0,0,0,1,1,0,0,1,0,0,0,562956
55,0,0,0,1,1,0,0,1,0,0,0,623983
60,0,0,0,1,1,0,0,1,0,0,0,686031
65,0,0,0,1,1,0,0,1,0,0,0,747320
70,0,0,0,1,1,0,0,1,0,0,0,946786
75,0,0,0,1,1,0,0,1,0,0,0,1020188
80,0,0,0,1,1,0,0,1,0,0,0,1092284
85,0,0,0,1,1,0,0,1,0,0,0,1163977
90,0,0,0,1,1,0,0,1,0,0,0,1237087
95,0,0,0,1,1,0,0,1,0,0,0,1309627
100,0,0,0,1,1,0,0,1,0,0,0,1380631
105,0,0,0,1,1,0,0,1,0,0,0,1459138
5,0,0,0,1,1,0,1,0,0,1,0,56
10,0,0,0,1,1,0,1,0,0,1,0,31289
15,0,0,0,1,1,0,1,0,0,1,0,82958
20,0,0,0,1,1,0,1,0,0,1,0,125207
25,0,0,0,1,1,0,1,0,0,1,0,208438
30,0,0,0,1,1,0,1,0,0,1,0,260416
35,0,0,0,1,1,0,1,0,0,1,0,312231
40,0,0,0,1,1,0,1,0,0,1,0,437448
45,0,0,0,1,1,0,1,0,0,1,0,500395
50,0,0,0,1,1,0,1,0,0,1,0,562397
55,0,0,0,1,1,0,1,0,0,1,0,623579
60,0,0,0,1,1,0,1,0,0,1,0,688140
65,0,0,0,1,1,0,1,0,0,1,0,748859
70,0,0,0,1,1,0,1,0,0,1,0,945943
75,0,0,0,1,1,0,1,0,0,1,0,1023685
80,0,0,0,1,1,0,1,0,0,1,0,1091743
85,0,0,0,1,1,0,1,0,0,1,0,1167190
90,0,0,0,1,1,0,1,0,0,1,0,1239831
95,0,0,0,1,1,0,1,0,0,1,0,1309015
100,0,0,0,1,1,0,1,0,0,1,0,1384875
105,0,0,0,1,1,0,1,0,0,1,0,1454753
5,0,0,0,1,1,0,1,1,1,0,0,56
10,0,0,0,1,1,0,1,1,1,0,0,31410
15,0,0,0,1,1,0,1,1,1,0,0,82863
20,0,0,0,1,1,0,1,1,1,0,0,125238
25,0,0,0,1,1,0,1,1,1,0,0,209041
30,0,0,0,1,1,0,1,1,1,0,0,260061
35,0,0,0,1,1,0,1,1,1,0,0,313963
40,0,0,0,1,1,0,1,1,1,0,0,438429
45,0,0,0,1,1,0,1,1,1,0,0,501543
50,0,0,0,1,1,0,1,1,1,0,0,565075
55,0,0,0,1,1,0,1,1,1,0,0,625860
60,0,0,0,1,1,0,1,1,1,0,0,690532
65,0,0,0,1,1,0,1,1,1,0,0,752371
70,0,0,0,1,1,0,1,1,1,0,0,949103
75,0,0,0,1,1,0,1,1,1,0,0,1023813
80,0,0,0,1,1,0,1,1,1,0,0,1096825
85,0,0,0,1,1,0,1,1,1,0,0,1172263
90,0,0,0,1,1,0,1,1,1,0,0,1241637
95,0,0,0,1,1,0,1,1,1,0,0,1314086
100,0,0,0,1,1,0,1,1,1,0,0,1389841
105,0,0,0,1,1,0,1,1,1,0,0,1457392
5,0,0,0,1,1,1,0,0,1,1,0,55
10,0,0,0,1,1,1,0,0,1,1,0,31428
15,0,0,0,1,1,1,0,0,1,1,0,83121
20,0,0,0,1,1,1,0,0,1,1,0,125608
25,0,0,0,1,1,1,0,0,1,1,0,209581
30,0,0,0,1,1,1,0,0,1,1,0,260239
35,0,0,0,1,1,1,0,0,1,1,0,313382
40,0,0,0,1,1,1,0,0,1,1,0,437136
45,0,0,0,1,1,1,0,0,1,1,0,502497
50,0,0,0,1,1,1,0,0,1,1,0,565088
55,0,0,0,1,1,1,0,0,1,1,0,625519
60,0,0,0,1,1,1,0,0,1,1,0,690983
65,0,0,0,1,1,1,0,0,1,1,0,753789
70,0,0,0,1,1,1,0,0,1,1,0,951056
75,0,0,0,1,1,1,0,0,1,1,0,1023887
80,0,0,0,1,1,1,0,0,1,1,0,1097403
85,0,0,0,1,1,1,0,0,1,1,0,1169394
90,0,0,0,1,1,1,0,0,1,1,0,1240773
95,0,0,0,1,1,1,0,0,1,1,0,1314622
100,0,0,0,1,1,1,0,0,1,1,0,1389797
105,0,0,0,1,1,1,0,0,1,1,0,1459010
5,0,0,0,1,1,1,1,0,0,0,0,56
10,0,0,0,1,1,1,1,0,0,0,0,31409
15,0,0,0,1,1,1,1,0,0,0,0,83213
20,0,0,0,1,1,1,1,0,0,0,0,125408
25,0,0,0,1,1,1,1,0,0,0,0,209084
30,0,0,0,1,1,1,1,0,0,0,0,260407
35,0,0,0,1,1,1,1,0,0,0,0,313535
40,0,0,0,1,1,1,1,0,0,0,0,438727
45,0,0,0,1,1,1,1,0,0,0,0,502155
50,0,0,0,1,1,1,1,0,0,0,0,565737
55,0,0,0,1,1,1,1,0,0,0,0,624761
60,0,0,0,1,1,1,1,0,0,0,0,690136
65,0,0,0,1,1,1,1,0,0,0,0,752239
70,0,0,0,1,1,1,1,0,0,0,0,949574
75,0,0,0,1,1,1,1,0,0,0,0,1025045
80,0,0,0,1,1,1,1,0,0,0,0,1101112
85,0,0,0,1,1,1,1,0,0,0,0,1170346
90,0,0,0,1,1,1,1,0,0,0,0,1242222
95,0,0,0,1,1,1,1,0,0,0,0,1317999
100,0,0,0,1,1,1,1,0,0,0,0,1390789
105,0,0,0,1,1,1,1,0,0,0,0,1460436
5,0,0,0,1,1,1,1,1,0,1,0,56
10,0,0,0,1,1,1,1,1,0,1,0,31407
15,0,0,0,1,1,1,1,1,0,1,0,83552
20,0,0,0,1,1,1,1,1,0,1,0,124871
25,0,0,0,1,1,1,1,1,0,1,0,209473
30,0,0,0,1,1,1,1,1,0,1,0,261053
35,0,0,0,1,1,1,1,1,0,1,0,313032
40,0,0,0,1,1,1,1,1,0,1,0,439665
45,0,0,0,1,1,1,1,1,0,1,0,502110
50,0,0,0,1,1,1,1,1,0,1,0,566781
55,0,0,0,1,1,1,1,1,0,1,0,628084
60,0,0,0,1,1,1,1,1,0,1,0,690541
65,0,0,0,1,1,1,1,1,0,1,0,750510
70,0,0,0,1,1,1,1,1,0,1,0,950032
75,0,0,0,1,1,1,1,1,0,1,0,1026615
80,0,0,0,1,1,1,1,1,0,1,0,1098626
85,0,0,0,1,1,1,1,1,0,1,0,1170194
90,0,0,0,1,1,1,1,1,0,1,0,1241648
95,0,0,0,1,1,1,1,1,0,1,0,1316371
100,0,0,0,1,1,1,1,1,0,1,0,1392449
105,0,0,0,1,1,1,1,1,0,1,0,1463145
5,0,0,1,0,0,0,0,0,1,0,0,55
10,0,0,1,0,0,0,0,0,1,0,0,31159
15,0,0,1,0,0,0,0,0,1,0,0,83746
20,0,0,1,0,0,0,0,0,1,0,0,125508
25,0,0,1,0,0,0,0,0,1,0,0,209420
30,0,0,1,0,0,0,0,0,1,0,0,261298
35,0,0,1,0,0,0,0,0,1,0,0,312198
40,0,0,1,0,0,0,0,0,1,0,0,439384
45,0,0,1,0,0,0,0,0,1,0,0,502713
50,0,0,1,0,0,0,0,0,1,0,0,563380
55,0,0,1,0,0,0,0,0,1,0,0,629431
60,0,0,1,0,0,0,0,0,1,0,0,689911
65,0,0,1,0,0,0,0,0,1,0,0,753831
70,0,0,1,0,0,0,0,0,1,0,0,951972
75,0,0,1,0,0,0,0,0,1,0,0,1025586
80,0,0,1,0,0,0,0,0,1,0,0,1100056
85,0,0,1,0,0,0,0,0,1,0,0,1174177
90,0,0,1,0,0,0,0,0,1,0,0,1244009
95,0,0,1,0,0,0,0,0,1,0,0,1321532
100,0,0,1,0,0,0,0,0,1,0,0,1393020
105,0,0,1,0,0,0,0,0,1,0,0,1462012
5,0,0,1,0,0,0,0,1,1,1,0,55
10,0,0,1,0,0,0,0,1,1,1,0,31394
15,0,0,1,0,0,0,0,1,1,1,0,83189
20,0,0,1,0,0,0,0,1,1,1,0,125357
25,0,0,1,0,0,0,0,1,1,1,0,210016
30,0,0,1,0,0,0,0,1,1,1,0,260683
35,0,0,1,0,0,0,0,1,1,1,0,313668
40,0,0,1,0,0,0,0,1,1,1,0,439506
45,0,0,1,0,0,0,0,1,1,1,0,503085
50,0,0,1,0,0,0,0,1,1,1,0,565573
55,0,0,1,0,0,0,0,1,1,1,0,628696
60,0,0,1,0,0,0,0,1,1,1,0,690525
65,0,0,1,0,0,0,0,1,1,1,0,753049
70,0,0,1,0,0,0,0,1,1,1,0,951666
75,0,0,1,0,0,0,0,1,1,1,0,1027148
80,0,0,1,0,0,0,0,1,1,1,0,1098489
85,0,0,1,0,0,0,0,1,1,1,0,1172461
90,0,0,1,0,0,0,0,1,1,1,0,1250950
95,0,0,1,0,0,0,0,1,1,1,0,1315930
100,0,0,1,0,0,0,0,1,1,1,0,1393213
105,0,0,1,0,0,0,0,1,1,1,0,1464993
5,0,0,1,0,0,0,1,1,0,0,0,56
10,0,0,1,0,0,0,1,1,0,0,0,31132
15,0,0,1,0,0,0,1,1,0,0,0,83575
20,0,0,1,0,0,0,1,1,0,0,0,124953
25,0,0,1,0,0,0,1,1,0,0,0,209381
30,0,0,1,0,0,0,1,1,0,0,0,260318
35,0,0,1,0,0,0,1,1,0,0,0,313033
40,0,0,1,0,0,0,1,1,0,0,0,440256
45,0,0,1,0,0,0,1,1,0,0,0,503598
50,0,0,1,0,0,0,1,1,0,0,0,566874
55,0,0,1,0,0,0,1,1,0,0,0,627914
60,0,0,1,0,0,0,1,1,0,0,0,692282
65,0,0,1,0,0,0,1,1,0,0,0,754568
70,0,0,1,0,0,0,1,1,0,0,0,953571
75,0,0,1,0,0,0,1,1,0,0,0,1026975
80,0,0,1,0,0,0,1,1,0,0,0,1098391
85,0,0,1,0,0,0,1,1,0,0,0,1173112
90,0,0,1,0,0,0,1,1,0,0,0,1246679
95,0,0,1,0,0,0,1,1,0,0,0,1320941
100,0,0,1,0,0,0,1,1,0,0,0,1392423
105,0,0,1,0,0,0,1,1,0,0,0,1463496
5,0,0,1,0,0,1,0,1,1,0,0,56
10,0,0,1,0,0,1,0,1,1,0,0,52362
15,0,0,1,0,0,1,0,1,1,0,0,209450
20,0,0,1,0,0,1,0,1,1,0,0,470812
25,0,0,1,0,0,1,0,1,1,0,0,837387
30,0,0,1,0,0,1,0,1,1,0,0,1305906
35,0,0,1,0,0,1,0,1,1,0,0,1883269
40,0,0,1,0,0,1,0,1,1,0,0,2565592
45,0,0,1,0,0,1,0,1,1,0,0,3353531
50,0,0,1,0,0,1,0,1,1,0,0,4241966
55,0,0,1,0,0,1,0,1,1,0,0,5230585
60,0,0,1,0,0,1,0,1,1,0,0,6329225
65,0,0,1,0,0,1,0,1,1,0,0,7540613
70,0,0,1,0,0,1,0,1,1,0,0,8863820
75,0,0,1,0,0,1,0,1,1,0,0,10286099
80,0,0,1,0,0,1,0,1,1,0,0,11808222
85,0,0,1,0,0,1,0,1,1,0,0,13423119
90,0,0,1,0,0,1,0,1,1,0,0,15164181
95,0,0,1,0,0,1,0,1,1,0,0,16981762
100,0,0,1,0,0,1,0,1,1,0,0,18941965
105,0,0,1,0,0,1,0,1,1,0,0,20991087
5,0,0,1,0,0,1,1,0,1,1,0,56
10,0,0,1,0,0,1,1,0,1,1,0,52424
15,0,0,1,0,0,1,1,0,1,1,0,209468
20,0,0,1,0,0,1,1,0,1,1,0,470845
25,0,0,1,0,0,1,1,0,1,1,0,837551
30,0,0,1,0,0,1,1,0,1,1,0,1310343
35,0,0,1,0,0,1,1,0,1,1,0,1889498
40,0,0,1,0,0,1,1,0,1,1,0,2571280
45,0,0,1,0,0,1,1,0,1,1,0,3358204
50,0,0,1,0,0,1,1,0,1,1,0,4248792
55,0,0,1,0,0,1,1,0,1,1,0,5249146
60,0,0,1,0,0,1,1,0,1,1,0,6340024
65,0,0,1,0,0,1,1,0,1,1,0,7544792
70,0,0,1,0,0,1,1,0,1,1,0,8861458
75,0,0,1,0,0,1,1,0,1,1,0,10279082
80,0,0,1,0,0,1,1,0,1,1,0,11808927
85,0,0,1,0,0,1,1,0,1,1,0,13417088
90,0,0,1,0,0,1,1,0,1,1,0,15165638
95,0,0,1,0,0,1,1,0,1,1,0,16987275
100,0,0,1,0,0,1,1,0,1,1,0,18937587
105,0,0,1,0,0,1,1,0,1,1,0,20991999
5,0,0,1,0,1,0,0,0,0,0,0,56
10,0,0,1,0,1,0,0,0,0,0,0,52332
15,0,0,1,0,1,0,0,0,0,0,0,209580
20,0,0,1,0,1,0,0,0,0,0,0,471042
25,0,0,1,0,1,0,0,0,0,0,0,838238
30,0,0,1,0,1,0,0,0,0,0,0,1310544
35,0,0,1,0,1,0,0,0,0,0,0,1890738
40,0,0,1,0,1,0,0,0,0,0,0,2573898
45,0,0,1,0,1,0,0,0,0,0,0,3357140
50,0,0,1,0,1,0,0,0,0,0,0,4249750
55,0,0,1,0,1,0,0,0,0,0,0,5249153
60,0,0,1,0,1,0,0,0,0,0,0,6342369
65,0,0,1,0,1,0,0,0,0,0,0,7542313
70,0,0,1,0,1,0,0,0,0,0,0,8864832
75,0,0,1,0,1,0,0,0,0,0,0,10279056
80,0,0,1,0,1,0,0,0,0,0,0,11807400
85,0,0,1,0,1,0,0,0,0,0,0,13412584
90,0,0,1,0,1,0,0,0,0,0,0,15164400
95,0,0,1,0,1,0,0,0,0,0,0,16985433
100,0,0,1,0,1,0,0,0,0,0,0,18938997
105,0,0,1,0,1,0,0,0,0,0,0,20994868
5,0,0,1,0,1,0,0,1,0,1,0,55
10,0,0,1,0,1,0,0,1,0,1,0,52337
15,0,0,1,0,1,0,0,1,0,1,0,209609
20,0,0,1,0,1,0,0,1,0,1,0,471284
25,0,0,1,0,1,0,0,1,0,1,0,839895
30,0,0,1,0,1,0,0,1,0,1,0,1310671
35,0,0,1,0,1,0,0,1,0,1,0,1889257
40,0,0,1,0,1,0,0,1,0,1,0,2571202
45,0,0,1,0,1,0,0,1,0,1,0,3357792
50,0,0,1,0,1,0,0,1,0,1,0,4251117
55,0,0,1,0,1,0,0,1,0,1,0,5248336
60,0,0,1,0,1,0,0,1,0,1,0,6341409
65,0,0,1,0,1,0,0,1,0,1,0,7540478
70,0,0,1,0,1,0,0,1,0,1,0,8864391
75,0,0,1,0,1,0,0,1,0,1,0,10282354
80,0,0,1,0,1,0,0,1,0,1,0,11805474
85,0,0,1,0,1,0,0,1,0,1,0,13420190
90,0,0,1,0,1,0,0,1,0,1,0,15168883
95,0,0,1,0,1,0,0,1,0,1,0,16980703
100,0,0,1,0,1,0,0,1,0,1,0,18940232
105,0,0,1,0,1,0,0,1,0,1,0,20996681
5,0,0,1,0,1,0,1,0,1,0,0,55
10,0,0,1,0,1,0,1,0,1,0,0,52299
15,0,0,1,0,1,0,1,0,1,0,0,209252
20,0,0,1,0,1,0,1,0,1,0,0,470704
25,0,0,1,0,1,0,1,0,1,0,0,838975
30,0,0,1,0,1,0,1,0,1,0,0,1311789
35,0,0,1,0,1,0,1,0,1,0,0,1889691
40,0,0,1,0,1,0,1,0,1,0,0,2570594
45,0,0,1,0,1,0,1,0,1,0,0,3356976
50,0,0,1,0,1,0,1,0,1,0,0,4249933
55,0,0,1,0,1,0,1,0,1,0,0,5246965
60,0,0,1,0,1,0,1,0,1,0,0,6339613
65,0,0,1,0,1,0,1,0,1,0,0,7539775
70,0,0,1,0,1,0,1,0,1,0,0,8864960
75,0,0,1,0,1,0,1,0,1,0,0,10279444
80,0,0,1,0,1,0,1,0,1,0,0,11809313
85,0,0,1,0,1,0,1,0,1,0,0,13420986
90,0,0,1,0,1,0,1,0,1,0,0,15165999
95,0,0,1,0,1,0,1,0,1,0,0,16982319
100,0,0,1,0,1,0,1,0,1,0,0,18928557
105,0,0,1,0,1,0,1,0,1,0,0,20988393
5,0,0,1,0,1,0,1,1,1,1,0,56
10,0,0,1,0,1,0,1,1,1,1,0,52233
15,0,0,1,0,1,0,1,1,1,1,0,209615
20,0,0,1,0,1,0,1,1,1,1,0,472060
25,0,0,1,0,1,0,1,1,1,1,0,839226
30,0,0,1,0,1,0,1,1,1,1,0,1309732
35,0,0,1,0,1,0,1,1,1,1,0,1886793
40,0,0,1,0,1,0,1,1,1,1,0,2570523
45,0,0,1,0,1,0,1,1,1,1,0,3347451
50,0,0,1,0,1,0,1,1,1,1,0,4248275
55,0,0,1,0,1,0,1,1,1,1,0,5247716
60,0,0,1,0,1,0,1,1,1,1,0,6342261
65,0,0,1,0,1,0,1,1,1,1,0,7548789
70,0,0,1,0,1,0,1,1,1,1,0,8860091
75,0,0,1,0,1,0,1,1,1,1,0,10276593
80,0,0,1,0,1,0,1,1,1,1,0,11809126
85,0,0,1,0,1,0,1,1,1,1,0,13419972
90,0,0,1,0,1,0,1,1,1,1,0,15165175
95,0,0,1,0,1,0,1,1,1,1,0,16989651
100,0,0,1,0,1,0,1,1,1,1,0,18945416
105,0,0,1,0,1,0,1,1,1,1,0,20994277
5,0,0,1,0,1,1,0,1,0,0,0,57
10,0,0,1,0,1,1,0,1,0,0,0,52415
15,0,0,1,0,1,1,0,1,0,0,0,209240
20,0,0,1,0,1,1,0,1,0,0,0,462468
25,0,0,1,0,1,1,0,1,0,0,0,838200
30,0,0,1,0,1,1,0,1,0,0,0,1310961
35,0,0,1,0,1,1,0,1,0,0,0,1889260
40,0,0,1,0,1,1,0,1,0,0,0,2569984
45,0,0,1,0,1,1,0,1,0,0,0,3358656
50,0,0,1,0,1,1,0,1,0,0,0,4250639
55,0,0,1,0,1,1,0,1,0,0,0,5250807
60,0,0,1,0,1,1,0,1,0,0,0,6341917
65,0,0,1,0,1,1,0,1,0,0,0,7544293
70,0,0,1,0,1,1,0,1,0,0,0,8851918
75,0,0,1,0,1,1,0,1,0,0,0,10284718
80,0,0,1,0,1,1,0,1,0,0,0,11803734
85,0,0,1,0,1,1,0,1,0,0,0,13414864
90,0,0,1,0,1,1,0,1,0,0,0,15168745
95,0,0,1,0,1,1,0,1,0,0,0,16990442
100,0,0,1,0,1,1,0,1,0,0,0,18941345
105,0,0,1,0,1,1,0,1,0,0,0,20991890
5,0,0,1,0,1,1,1,0,0,1,0,57
10,0,0,1,0,1,1,1,0,0,1,0,52345
15,0,0,1,0,1,1,1,0,0,1,0,209311
20,0,0,1,0,1,1,1,0,0,1,0,472522
25,0,0,1,0,1,1,1,0,0,1,0,839109
30,0,0,1,0,1,1,1,0,0,1,0,1309115
35,0,0,1,0,1,1,1,0,0,1,0,1887479
40,0,0,1,0,1,1,1,0,0,1,0,2571833
45,0,0,1,0,1,1,1,0,0,1,0,3356428
50,0,0,1,0,1,1,1,0,0,1,0,4246506
55,0,0,1,0,1,1,1,0,0,1,0,5248459
60,0,0,1,0,1,1,1,0,0,1,0,6341633
65,0,0,1,0,1,1,1,0,0,1,0,7539670
70,0,0,1,0,1,1,1,0,0,1,0,8862186
75,0,0,1,0,1,1,1,0,0,1,0,10277179
80,0,0,1,0,1,1,1,0,0,1,0,11807482
85,0,0,1,0,1,1,1,0,0,1,0,13419420
90,0,0,1,0,1,1,1,0,0,1,0,15165410
95,0,0,1,0,1,1,1,0,0,1,0,16988702
100,0,0,1,0,1,1,1,0,0,1,0,18937093
105,0,0,1,0,1,1,1,0,0,1,0,20989144
5,0,0,1,0,1,1,1,1,1,0,0,56
10,0,0,1,0,1,1,1,1,1,0,0,52416
15,0,0,1,0,1,1,1,1,1,0,0,209506
20,0,0,1,0,1,1,1,1,1,0,0,471025
25,0,0,1,0,1,1,1,1,1,0,0,838622
30,0,0,1,0,1,1,1,1,1,0,0,1308949
35,0,0,1,0,1,1,1,1,1,0,0,1887723
40,0,0,1,0,1,1,1,1,1,0,0,2571012
45,0,0,1,0,1,1,1,1,1,0,0,3355680
50,0,0,1,0,1,1,1,1,1,0,0,4243469
55,0,0,1,0,1,1,1,1,1,0,0,5248275
60,0,0,1,0,1,1,1,1,1,0,0,6349622
65,0,0,1,0,1,1,1,1,1,0,0,7543544
70,0,0,1,0,1,1,1,1,1,0,0,8857539
75,0,0,1,0,1,1,1,1,1,0,0,10279327
80,0,0,1,0,1,1,1,1,1,0,0,11810331
85,0,0,1,0,1,1,1,1,1,0,0,13317849
90,0,0,1,0,1,1,1,1,1,0,0,15015006
95,0,0,1,0,1,1,1,1,1,0,0,16812771
100,0,0,1,0,1,1,1,1,1,0,0,18769020
105,0,0,1,0,1,1,1,1,1,0,0,20823830
5,0,0,1,1,0,0,1,0,0,0,0,55
10,0,0,1,1,0,0,1,0,0,0,0,9301
15,0,0,1,1,0,0,1,0,0,0,0,12359
20,0,0,1,1,0,0,1,0,0,0,0,12346
25,0,0,1,1,0,0,1,0,0,0,0,15411
30,0,0,1,1,0,0,1,0,0,0,0,15454
35,0,0,1,1,0,0,1,0,0,0,0,15482
40,0,0,1,1,0,0,1,0,0,0,0,18626
45,0,0,1,1,0,0,1,0,0,0,0,18587
50,0,0,1,1,0,0,1,0,0,0,0,18550
55,0,0,1,1,0,0,1,0,0,0,0,18547
60,0,0,1,1,0,0,1,0,0,0,0,18520
65,0,0,1,1,0,0,1,0,0,0,0,18542
70,0,0,1,1,0,0,1,0,0,0,0,21658
75,0,0,1,1,0,0,1,0,0,0,0,21651
80,0,0,1,1,0,0,1,0,0,0,0,21658
85,0,0,1,1,0,0,1,0,0,0,0,21633
90,0,0,1,1,0,0,1,0,0,0,0,21641
95,0,0,1,1,0,0,1,0,0,0,0,21621
100,0,0,1,1,0,0,1,0,0,0,0,21644
105,0,0,1,1,0,0,1,0,0,0,0,21625
5,0,0,1,1,0,0,1,1,0,1,0,55
10,0,0,1,1,0,0,1,1,0,1,0,9338
15,0,0,1,1,0,0,1,1,0,1,0,12357
20,0,0,1,1,0,0,1,1,0,1,0,12401
25,0,0,1,1,0,0,1,1,0,1,0,15467
30,0,0,1,1,0,0,1,1,0,1,0,15454
35,0,0,1,1,0,0,1,1,0,1,0,15452
40,0,0,1,1,0,0,1,1,0,1,0,18551
45,0,0,1,1,0,0,1,1,0,1,0,18550
50,0,0,1,1,0,0,1,1,0,1,0,18541
55,0,0,1,1,0,0,1,1,0,1,0,18546
60,0,0,1,1,0,0,1,1,0,1,0,18546
65,0,0,1,1,0,0,1,1,0,1,0,18515
70,0,0,1,1,0,0,1,1,0,1,0,21614
75,0,0,1,1,0,0,1,1,0,1,0,21562
80,0,0,1,1,0,0,1,1,0,1,0,21582
85,0,0,1,1,0,0,1,1,0,1,0,21541
90,0,0,1,1,0,0,1,1,0,1,0,21619
95,0,0,1,1,0,0,1,1,0,1,0,21599
100,0,0,1,1,0,0,1,1,0,1,0,21619
105,0,0,1,1,0,0,1,1,0,1,0,21692
5,0,0,1,1,0,1,0,0,1,0,0,54
10,0,0,1,1,0,1,0,0,1,0,0,9261
15,0,0,1,1,0,1,0,0,1,0,0,12357
20,0,0,1,1,0,1,0,0,1,0,0,12437
25,0,0,1,1,0,1,0,0,1,0,0,15452
30,0,0,1,1,0,1,0,0,1,0,0,15478
35,0,0,1,1,0,1,0,0,1,0,0,15460
40,0,0,1,1,0,1,0,0,1,0,0,18487
45,0,0,1,1,0,1,0,0,1,0,0,18546
50,0,0,1,1,0,1,0,0,1,0,0,18600
55,0,0,1,1,0,1,0,0,1,0,0,18586
60,0,0,1,1,0,1,0,0,1,0,0,18541
65,0,0,1,1,0,1,0,0,1,0,0,18552
70,0,0,1,1,0,1,0,0,1,0,0,21595
75,0,0,1,1,0,1,0,0,1,0,0,21610
80,0,0,1,1,0,1,0,0,1,0,0,21643
85,0,0,1,1,0,1,0,0,1,0,0,21605
90,0,0,1,1,0,1,0,0,1,0,0,21647
95,0,0,1,1,0,1,0,0,1,0,0,21636
100,0,0,1,1,0,1,0,0,1,0,0,21645
105,0,0,1,1,0,1,0,0,1,0,0,21650
5,0,0,1,1,0,1,0,1,1,1,0,55
10,0,0,1,1,0,1,0,1,1,1,0,9260
15,0,0,1,1,0,1,0,1,1,1,0,12381
20,0,0,1,1,0,1,0,1,1,1,0,12356
25,0,0,1,1,0,1,0,1,1,1,0,15385
30,0,0,1,1,0,1,0,1,1,1,0,15434
35,0,0,1,1,0,1,0,1,1,1,0,15453
40,0,0,1,1,0,1,0,1,1,1,0,18563
45,0,0,1,1,0,1,0,1,1,1,0,18546
50,0,0,1,1,0,1,0,1,1,1,0,18534
55,0,0,1,1,0,1,0,1,1,1,0,18585
60,0,0,1,1,0,1,0,1,1,1,0,18545
65,0,0,1,1,0,1,0,1,1,1,0,18544
70,0,0,1,1,0,1,0,1,1,1,0,21634
75,0,0,1,1,0,1,0,1,1,1,0,21642
80,0,0,1,1,0,1,0,1,1,1,0,21640
85,0,0,1,1,0,1,0,1,1,1,0,21644
90,0,0,1,1,0,1,0,1,1,1,0,21593
95,0,0,1,1,0,1,0,1,1,1,0,21597
100,0,0,1,1,0,1,0,1,1,1,0,21643
105,0,0,1,1,0,1,0,1,1,1,0,21688
5,0,0,1,1,0,1,1,1,0,0,0,55
10,0,0,1,1,0,1,1,1,0,0,0,9274
15,0,0,1,1,0,1,1,1,0,0,0,12355
20,0,0,1,1,0,1,1,1,0,0,0,12354
25,0,0,1,1,0,1,1,1,0,0,0,15450
30,0,0,1,1,0,1,1,1,0,0,0,15374
35,0,0,1,1,0,1,1,1,0,0,0,15420
40,0,0,1,1,0,1,1,1,0,0,0,18526
45,0,0,1,1,0,1,1,1,0,0,0,18544
50,0,0,1,1,0,1,1,1,0,0,0,18545
55,0,0,1,1,0,1,1,1,0,0,0,18546
60,0,0,1,1,0,1,1,1,0,0,0,18533
65,0,0,1,1,0,1,1,1,0,0,0,18485
70,0,0,1,1,0,1,1,1,0,0,0,21670
75,0,0,1,1,0,1,1,1,0,0,0,21629
80,0,0,1,1,0,1,1,1,0,0,0,21681
85,0,0,1,1,0,1,1,1,0,0,0,21648
90,0,0,1,1,0,1,1,1,0,0,0,21703
95,0,0,1,1,0,1,1,1,0,0,0,21629
100,0,0,1,1,0,1,1,1,0,0,0,21639
105,0,0,1,1,0,1,1,1,0,0,0,21564
5,0,0,1,1,1,0,0,0,0,1,0,55
10,0,0,1,1,1,0,0,0,0,1,0,9272
15,0,0,1,1,1,0,0,0,0,1,0,12409
20,0,0,1,1,1,0,0,0,0,1,0,12362
25,0,0,1,1,1,0,0,0,0,1,0,15433
30,0,0,1,1,1,0,0,0,0,1,0,15453
35,0,0,1,1,1,0,0,0,0,1,0,15463
40,0,0,1,1,1,0,0,0,0,1,0,18464
45,0,0,1,1,1,0,0,0,0,1,0,18569
50,0,0,1,1,1,0,0,0,0,1,0,18543
55,0,0,1,1,1,0,0,0,0,1,0,18544
60,0,0,1,1,1,0,0,0,0,1,0,18550
65,0,0,1,1,1,0,0,0,0,1,0,18543
70,0,0,1,1,1,0,0,0,0,1,0,21579
75,0,0,1,1,1,0,0,0,0,1,0,21730
80,0,0,1,1,1,0,0,0,0,1,0,21484
85,0,0,1,1,1,0,0,0,0,1,0,21597
90,0,0,1,1,1,0,0,0,0,1,0,21635
95,0,0,1,1,1,0,0,0,0,1,0,21481
100,0,0,1,1,1,0,0,0,0,1,0,21581
105,0,0,1,1,1,0,0,0,0,1,0,21643
5,0,0,1,1,1,0,0,1,1,0,0,56
10,0,0,1,1,1,0,0,1,1,0,0,9261
15,0,0,1,1,1,0,0,1,1,0,0,12386
20,0,0,1,1,1,0,0,1,1,0,0,12359
25,0,0,1,1,1,0,0,1,1,0,0,15445
30,0,0,1,1,1,0,0,1,1,0,0,15374
35,0,0,1,1,1,0,0,1,1,0,0,15428
40,0,0,1,1,1,0,0,1,1,0,0,18550
45,0,0,1,1,1,0,0,1,1,0,0,18544
50,0,0,1,1,1,0,0,1,1,0,0,18582
55,0,0,1,1,1,0,0,1,1,0,0,18559
60,0,0,1,1,1,0,0,1,1,0,0,18531
65,0,0,1,1,1,0,0,1,1,0,0,18541
70,0,0,1,1,1,0,0,1,1,0,0,21637
75,0,0,1,1,1,0,0,1,1,0,0,21647
80,0,0,1,1,1,0,0,1,1,0,0,21618
85,0,0,1,1,1,0,0,1,1,0,0,21651
90,0,0,1,1,1,0,0,1,1,0,0,21574
95,0,0,1,1,1,0,0,1,1,0,0,21643
100,0,0,1,1,1,0,0,1,1,0,0,21671
105,0,0,1,1,1,0,0,1,1,0,0,21640
5,0,0,1,1,1,0,1,0,1,1,0,56
10,0,0,1,1,1,0,1,0,1,1,0,9261
15,0,0,1,1,1,0,1,0,1,1,0,12343
20,0,0,1,1,1,0,1,0,1,1,0,12349
25,0,0,1,1,1,0,1,0,1,1,0,15461
30,0,0,1,1,1,0,1,0,1,1,0,15448
35,0,0,1,1,1,0,1,0,1,1,0,15454
40,0,0,1,1,1,0,1,0,1,1,0,18548
45,0,0,1,1,1,0,1,0,1,1,0,18556
50,0,0,1,1,1,0,1,0,1,1,0,18539
55,0,0,1,1,1,0,1,0,1,1,0,18542
60,0,0,1,1,1,0,1,0,1,1,0,18560
65,0,0,1,1,1,0,1,0,1,1,0,18511
70,0,0,1,1,1,0,1,0,1,1,0,21643
75,0,0,1,1,1,0,1,0,1,1,0,21632
80,0,0,1,1,1,0,1,0,1,1,0,21662
85,0,0,1,1,1,0,1,0,1,1,0,21641
90,0,0,1,1,1,0,1,0,1,1,0,21620
95,0,0,1,1,1,0,1,0,1,1,0,21603
100,0,0,1,1,1,0,1,0,1,1,0,21669
105,0,0,1,1,1,0,1,0,1,1,0,21624
5,0,0,1,1,1,1,0,0,0,0,0,55
10,0,0,1,1,1,1,0,0,0,0,0,9313
15,0,0,1,1,1,1,0,0,0,0,0,12414
20,0,0,1,1,1,1,0,0,0,0,0,12344
25,0,0,1,1,1,1,0,0,0,0,0,15462
30,0,0,1,1,1,1,0,0,0,0,0,15449
35,0,0,1,1,1,1,0,0,0,0,0,15450
40,0,0,1,1,1,1,0,0,0,0,0,18527
45,0,0,1,1,1,1,0,0,0,0,0,18547
50,0,0,1,1,1,1,0,0,0,0,0,18556
55,0,0,1,1,1,1,0,0,0,0,0,18528
60,0,0,1,1,1,1,0,0,0,0,0,18548
65,0,0,1,1,1,1,0,0,0,0,0,18581
70,0,0,1,1,1,1,0,0,0,0,0,21562
75,0,0,1,1,1,1,0,0,0,0,0,21700
80,0,0,1,1,1,1,0,0,0,0,0,21644
85,0,0,1,1,1,1,0,0,0,0,0,21641
90,0,0,1,1,1,1,0,0,0,0,0,21519
95,0,0,1,1,1,1,0,0,0,0,0,21642
100,0,0,1,1,1,1,0,0,0,0,0,21637
105,0,0,1,1,1,1,0,0,0,0,0,21579
5,0,0,1,1,1,1,1,0,1,0,0,55
10,0,0,1,1,1,1,1,0,1,0,0,15378
15,0,0,1,1,1,1,1,0,1,0,0,30928
20,0,0,1,1,1,1,1,0,1,0,0,46303
25,0,0,1,1,1,1,1,0,1,0,0,61744
30,0,0,1,1,1,1,1,0,1,0,0,77319
35,0,0,1,1,1,1,1,0,1,0,0,92203
40,0,0,1,1,1,1,1,0,1,0,0,108310
45,0,0,1,1,1,1,1,0,1,0,0,123072
50,0,0,1,1,1,1,1,0,1,0,0,139194
55,0,0,1,1,1,1,1,0,1,0,0,154310
60,0,0,1,1,1,1,1,0,1,0,0,170252
65,0,0,1,1,1,1,1,0,1,0,0,185177
70,0,0,1,1,1,1,1,0,1,0,0,201189
75,0,0,1,1,1,1,1,0,1,0,0,215593
80,0,0,1,1,1,1,1,0,1,0,0,231608
85,0,0,1,1,1,1,1,0,1,0,0,247076
90,0,0,1,1,1,1,1,0,1,0,0,262462
95,0,0,1,1,1,1,1,0,1,0,0,277358
100,0,0,1,1,1,1,1,0,1,0,0,293302
105,0,0,1,1,1,1,1,0,1,0,0,309467
5,0,0,1,1,1,1,1,1,1,1,0,67
10,0,0,1,1,1,1,1,1,1,1,0,15450
15,0,0,1,1,1,1,1,1,1,1,0,30888
20,0,0,1,1,1,1,1,1,1,1,0,46398
25,0,0,1,1,1,1,1,1,1,1,0,61891
30,0,0,1,1,1,1,1,1,1,1,0,76820
35,0,0,1,1,1,1,1,1,1,1,0,92774
40,0,0,1,1,1,1,1,1,1,1,0,108295
45,0,0,1,1,1,1,1,1,1,1,0,123505
50,0,0,1,1,1,1,1,1,1,1,0,139008
55,0,0,1,1,1,1,1,1,1,1,0,154626
60,0,0,1,1,1,1,1,1,1,1,0,170108
65,0,0,1,1,1,1,1,1,1,1,0,185172
70,0,0,1,1,1,1,1,1,1,1,0,201035
75,0,0,1,1,1,1,1,1,1,1,0,216512
80,0,0,1,1,1,1,1,1,1,1,0,231405
85,0,0,1,1,1,1,1,1,1,1,0,246304
90,0,0,1,1,1,1,1,1,1,1,0,262977
95,0,0,1,1,1,1,1,1,1,1,0,278568
100,0,0,1,1,1,1,1,1,1,1,0,293545
105,0,0,1,1,1,1,1,1,1,1,0,308425
5,0,1,0,0,0,0,0,1,0,0,0,55
10,0,1,0,0,0,0,0,1,0,0,0,15452
15,0,1,0,0,0,0,0,1,0,0,0,30921
20,0,1,0,0,0,0,0,1,0,0,0,46370
25,0,1,0,0,0,0,0,1,0,0,0,61869
30,0,1,0,0,0,0,0,1,0,0,0,77342
35,0,1,0,0,0,0,0,1,0,0,0,92584
40,0,1,0,0,0,0,0,1,0,0,0,108313
45,0,1,0,0,0,0,0,1,0,0,0,122937
50,0,1,0,0,0,0,0,1,0,0,0,139193
55,0,1,0,0,0,0,0,1,0,0,0,154734
60,0,1,0,0,0,0,0,1,0,0,0,170190
65,0,1,0,0,0,0,0,1,0,0,0,184462
70,0,1,0,0,0,0,0,1,0,0,0,199986
75,0,1,0,0,0,0,0,1,0,0,0,215114
80,0,1,0,0,0,0,0,1,0,0,0,230682
85,0,1,0,0,0,0,0,1,0,0,0,246221
90,0,1,0,0,0,0,0,1,0,0,0,261693
95,0,1,0,0,0,0,0,1,0,0,0,277322
100,0,1,0,0,0,0,0,1,0,0,0,292595
105,0,1,0,0,0,0,0,1,0,0,0,307445
5,0,1,0,0,0,0,1,0,0,1,0,55
10,0,1,0,0,0,0,1,0,0,1,0,15462
15,0,1,0,0,0,0,1,0,0,1,0,30867
20,0,1,0,0,0,0,1,0,0,1,0,46311
25,0,1,0,0,0,0,1,0,0,1,0,61686
30,0,1,0,0,0,0,1,0,0,1,0,76959
35,0,1,0,0,0,0,1,0,0,1,0,92556
40,0,1,0,0,0,0,1,0,0,1,0,107873
45,0,1,0,0,0,0,1,0,0,1,0,122929
50,0,1,0,0,0,0,1,0,0,1,0,138494
55,0,1,0,0,0,0,1,0,0,1,0,153856
60,0,1,0,0,0,0,1,0,0,1,0,169342
65,0,1,0,0,0,0,1,0,0,1,0,184813
70,0,1,0,0,0,0,1,0,0,1,0,200115
75,0,1,0,0,0,0,1,0,0,1,0,215367
80,0,1,0,0,0,0,1,0,0,1,0,230842
85,0,1,0,0,0,0,1,0,0,1,0,246163
90,0,1,0,0,0,0,1,0,0,1,0,261589
95,0,1,0,0,0,0,1,0,0,1,0,276983
100,0,1,0,0,0,0,1,0,0,1,0,291905
105,0,1,0,0,0,0,1,0,0,1,0,307692
5,0,1,0,0,0,0,1,1,1,0,0,67
10,0,1,0,0,0,0,1,1,1,0,0,15477
15,0,1,0,0,0,0,1,1,1,0,0,30852
20,0,1,0,0,0,0,1,1,1,0,0,46194
25,0,1,0,0,0,0,1,1,1,0,0,61710
30,0,1,0,0,0,0,1,1,1,0,0,76872
35,0,1,0,0,0,0,1,1,1,0,0,92426
40,0,1,0,0,0,0,1,1,1,0,0,107741
45,0,1,0,0,0,0,1,1,1,0,0,123174
50,0,1,0,0,0,0,1,1,1,0,0,138591
55,0,1,0,0,0,0,1,1,1,0,0,154156
60,0,1,0,0,0,0,1,1,1,0,0,169011
65,0,1,0,0,0,0,1,1,1,0,0,184718
70,0,1,0,0,0,0,1,1,1,0,0,199999
75,0,1,0,0,0,0,1,1,1,0,0,215162
80,0,1,0,0,0,0,1,1,1,0,0,230780
85,0,1,0,0,0,0,1,1,1,0,0,245911
90,0,1,0,0,0,0,1,1,1,0,0,261865
95,0,1,0,0,0,0,1,1,1,0,0,276728
100,0,1,0,0,0,0,1,1,1,0,0,292247
105,0,1,0,0,0,0,1,1,1,0,0,307265
5,0,1,0,0,0,1,0,0,1,1,0,56
10,0,1,0,0,0,1,0,0,1,1,0,15456
15,0,1,0,0,0,1,0,0,1,1,0,30833
20,0,1,0,0,0,1,0,0,1,1,0,46183
25,0,1,0,0,0,1,0,0,1,1,0,61531
30,0,1,0,0,0,1,0,0,1,1,0,77052
35,0,1,0,0,0,1,0,0,1,1,0,92418
40,0,1,0,0,0,1,0,0,1,1,0,107479
45,0,1,0,0,0,1,0,0,1,1,0,122941
50,0,1,0,0,0,1,0,0,1,1,0,138368
55,0,1,0,0,0,1,0,0,1,1,0,153777
60,0,1,0,0,0,1,0,0,1,1,0,169329
65,0,1,0,0,0,1,0,0,1,1,0,184284
70,0,1,0,0,0,1,0,0,1,1,0,199806
75,0,1,0,0,0,1,0,0,1,1,0,215080
80,0,1,0,0,0,1,0,0,1,1,0,230641
85,0,1,0,0,0,1,0,0,1,1,0,246296
90,0,1,0,0,0,1,0,0,1,1,0,262140
95,0,1,0,0,0,1,0,0,1,1,0,276854
100,0,1,0,0,0,1,0,0,1,1,0,291890
105,0,1,0,0,0,1,0,0,1,1,0,307885
5,0,1,0,0,0,1,1,0,0,0,0,56
10,0,1,0,0,0,1,1,0,0,0,0,15463
15,0,1,0,0,0,1,1,0,0,0,0,30843
20,0,1,0,0,0,1,1,0,0,0,0,46233
25,0,1,0,0,0,1,1,0,0,0,0,61693
30,0,1,0,0,0,1,1,0,0,0,0,77026
35,0,1,0,0,0,1,1,0,0,0,0,92158
40,0,1,0,0,0,1,1,0,0,0,0,107938
45,0,1,0,0,0,1,1,0,0,0,0,123010
50,0,1,0,0,0,1,1,0,0,0,0,138804
55,0,1,0,0,0,1,1,0,0,0,0,154316
60,0,1,0,0,0,1,1,0,0,0,0,169425
65,0,1,0,0,0,1,1,0,0,0,0,184432
70,0,1,0,0,0,1,1,0,0,0,0,200267
75,0,1,0,0,0,1,1,0,0,0,0,215865
80,0,1,0,0,0,1,1,0,0,0,0,231800
85,0,1,0,0,0,1,1,0,0,0,0,245934
90,0,1,0,0,0,1,1,0,0,0,0,262468
95,0,1,0,0,0,1,1,0,0,0,0,277327
100,0,1,0,0,0,1,1,0,0,0,0,292997
105,0,1,0,0,0,1,1,0,0,0,0,308963
5,0,1,0,0,0,1,1,1,0,1,0,56
10,0,1,0,0,0,1,1,1,0,1,0,15395
15,0,1,0,0,0,1,1,1,0,1,0,30928
20,0,1,0,0,0,1,1,1,0,1,0,46172
25,0,1,0,0,0,1,1,1,0,1,0,61869
30,0,1,0,0,0,1,1,1,0,1,0,76896
35,0,1,0,0,0,1,1,1,0,1,0,92319
40,0,1,0,0,0,1,1,1,0,1,0,108310
45,0,1,0,0,0,1,1,1,0,1,0,123159
50,0,1,0,0,0,1,1,1,0,1,0,138675
55,0,1,0,0,0,1,1,1,0,1,0,153938
60,0,1,0,0,0,1,1,1,0,1,0,169526
65,0,1,0,0,0,1,1,1,0,1,0,185264
70,0,1,0,0,0,1,1,1,0,1,0,200599
75,0,1,0,0,0,1,1,1,0,1,0,215924
80,0,1,0,0,0,1,1,1,0,1,0,231759
85,0,1,0,0,0,1,1,1,0,1,0,246852
90,0,1,0,0,0,1,1,1,0,1,0,262493
95,0,1,0,0,0,1,1,1,0,1,0,277260
100,0,1,0,0,0,1,1,1,0,1,0,293155
105,0,1,0,0,0,1,1,1,0,1,0,309047
5,0,1,0,0,1,0,0,0,1,0,0,57
10,0,1,0,0,1,0,0,0,1,0,0,15453
15,0,1,0,0,1,0,0,0,1,0,0,30885
20,0,1,0,0,1,0,0,0,1,0,0,46185
25,0,1,0,0,1,0,0,0,1,0,0,61846
30,0,1,0,0,1,0,0,0,1,0,0,76492
35,0,1,0,0,1,0,0,0,1,0,0,92835
40,0,1,0,0,1,0,0,0,1,0,0,108310
45,0,1,0,0,1,0,0,0,1,0,0,123211
50,0,1,0,0,1,0,0,0,1,0,0,138773
55,0,1,0,0,1,0,0,0,1,0,0,154049
60,0,1,0,0,1,0,0,0,1,0,0,169321
65,0,1,0,0,1,0,0,0,1,0,0,184259
70,0,1,0,0,1,0,0,0,1,0,0,200695
75,0,1,0,0,1,0,0,0,1,0,0,216207
80,0,1,0,0,1,0,0,0,1,0,0,231692
85,0,1,0,0,1,0,0,0,1,0,0,246526
90,0,1,0,0,1,0,0,0,1,0,0,262302
95,0,1,0,0,1,0,0,0,1,0,0,277264
100,0,1,0,0,1,0,0,0,1,0,0,293432
105,0,1,0,0,1,0,0,0,1,0,0,309080
5,0,1,0,0,1,0,1,1,0,0,0,55
10,0,1,0,0,1,0,1,1,0,0,0,46411
15,0,1,0,0,1,0,1,1,0,0,0,122771
20,0,1,0,0,1,0,1,1,0,0,0,185574
25,0,1,0,0,1,0,1,1,0,0,0,309079
30,0,1,0,0,1,0,1,1,0,0,0,385169
35,0,1,0,0,1,0,1,1,0,0,0,462098
40,0,1,0,0,1,0,1,1,0,0,0,647226
45,0,1,0,0,1,0,1,1,0,0,0,740349
50,0,1,0,0,1,0,1,1,0,0,0,833307
55,0,1,0,0,1,0,1,1,0,0,0,926458
60,0,1,0,0,1,0,1,1,0,0,0,1016751
65,0,1,0,0,1,0,1,1,0,0,0,1110481
70,0,1,0,0,1,0,1,1,0,0,0,1403219
75,0,1,0,0,1,0,1,1,0,0,0,1512338
80,0,1,0,0,1,0,1,1,0,0,0,1618049
85,0,1,0,0,1,0,1,1,0,0,0,1728832
90,0,1,0,0,1,0,1,1,0,0,0,1833848
95,0,1,0,0,1,0,1,1,0,0,0,1939633
100,0,1,0,0,1,0,1,1,0,0,0,2050733
105,0,1,0,0,1,0,1,1,0,0,0,2157811
5,0,1,0,0,1,1,0,0,0,1,0,55
10,0,1,0,0,1,1,0,0,0,1,0,46182
15,0,1,0,0,1,1,0,0,0,1,0,123768
20,0,1,0,0,1,1,0,0,0,1,0,185634
25,0,1,0,0,1,1,0,0,0,1,0,307462
30,0,1,0,0,1,1,0,0,0,1,0,386214
35,0,1,0,0,1,1,0,0,0,1,0,463365
40,0,1,0,0,1,1,0,0,0,1,0,647676
45,0,1,0,0,1,1,0,0,0,1,0,740356
50,0,1,0,0,1,1,0,0,0,1,0,831948
55,0,1,0,0,1,1,0,0,0,1,0,925587
60,0,1,0,0,1,1,0,0,0,1,0,1017568
65,0,1,0,0,1,1,0,0,0,1,0,1111006
70,0,1,0,0,1,1,0,0,0,1,0,1403935
75,0,1,0,0,1,1,0,0,0,1,0,1512976
80,0,1,0,0,1,1,0,0,0,1,0,1622521
85,0,1,0,0,1,1,0,0,0,1,0,1731360
90,0,1,0,0,1,1,0,0,0,1,0,1840473
95,0,1,0,0,1,1,0,0,0,1,0,1947782
100,0,1,0,0,1,1,0,0,0,1,0,2056041
105,0,1,0,0,1,1,0,0,0,1,0,2164056
5,0,1,0,0,1,1,0,1,1,0,0,56
10,0,1,0,0,1,1,0,1,1,0,0,46391
15,0,1,0,0,1,1,0,1,1,0,0,123755
20,0,1,0,0,1,1,0,1,1,0,0,185616
25,0,1,0,0,1,1,0,1,1,0,0,308321
30,0,1,0,0,1,1,0,1,1,0,0,386087
35,0,1,0,0,1,1,0,1,1,0,0,463670
40,0,1,0,0,1,1,0,1,1,0,0,648170
45,0,1,0,0,1,1,0,1,1,0,0,741920
50,0,1,0,0,1,1,0,1,1,0,0,833201
55,0,1,0,0,1,1,0,1,1,0,0,927611
60,0,1,0,0,1,1,0,1,1,0,0,1019578
65,0,1,0,0,1,1,0,1,1,0,0,1113147
70,0,1,0,0,1,1,0,1,1,0,0,1403881
75,0,1,0,0,1,1,0,1,1,0,0,1513429
80,0,1,0,0,1,1,0,1,1,0,0,1623060
85,0,1,0,0,1,1,0,1,1,0,0,1730594
90,0,1,0,0,1,1,0,1,1,0,0,1839259
95,0,1,0,0,1,1,0,1,1,0,0,1945219
100,0,1,0,0,1,1,0,1,1,0,0,2056409
105,0,1,0,0,1,1,0,1,1,0,0,2163009
5,0,1,0,0,1,1,1,0,1,1,0,56
10,0,1,0,0,1,1,1,0,1,1,0,46315
15,0,1,0,0,1,1,1,0,1,1,0,123637
20,0,1,0,0,1,1,1,0,1,1,0,185712
25,0,1,0,0,1,1,1,0,1,1,0,309527
30,0,1,0,0,1,1,1,0,1,1,0,386731
35,0,1,0,0,1,1,1,0,1,1,0,462678
40,0,1,0,0,1,1,1,0,1,1,0,649773
45,0,1,0,0,1,1,1,0,1,1,0,742169
50,0,1,0,0,1,1,1,0,1,1,0,834749
55,0,1,0,0,1,1,1,0,1,1,0,928096
60,0,1,0,0,1,1,1,0,1,1,0,1020139
65,0,1,0,0,1,1,1,0,1,1,0,1112480
70,0,1,0,0,1,1,1,0,1,1,0,1402170
75,0,1,0,0,1,1,1,0,1,1,0,1512973
80,0,1,0,0,1,1,1,0,1,1,0,1621605
85,0,1,0,0,1,1,1,0,1,1,0,1730967
90,0,1,0,0,1,1,1,0,1,1,0,1837461
95,0,1,0,0,1,1,1,0,1,1,0,1948726
100,0,1,0,0,1,1,1,0,1,1,0,2050326
105,0,1,0,0,1,1,1,0,1,1,0,2164166
5,0,1,0,1,0,0,0,0,0,0,0,55
10,0,1,0,1,0,0,0,0,0,0,0,46377
15,0,1,0,1,0,0,0,0,0,0,0,123775
20,0,1,0,1,0,0,0,0,0,0,0,185633
25,0,1,0,1,0,0,0,0,0,0,0,309270
30,0,1,0,1,0,0,0,0,0,0,0,386848
35,0,1,0,1,0,0,0,0,0,0,0,463564
40,0,1,0,1,0,0,0,0,0,0,0,648566
45,0,1,0,1,0,0,0,0,0,0,0,741855
50,0,1,0,1,0,0,0,0,0,0,0,834514
55,0,1,0,1,0,0,0,0,0,0,0,928173
60,0,1,0,1,0,0,0,0,0,0,0,1020437
65,0,1,0,1,0,0,0,0,0,0,0,1113150
70,0,1,0,1,0,0,0,0,0,0,0,1404575
75,0,1,0,1,0,0,0,0,0,0,0,1513478
80,0,1,0,1,0,0,0,0,0,0,0,1621055
85,0,1,0,1,0,0,0,0,0,0,0,1730225
90,0,1,0,1,0,0,0,0,0,0,0,1835683
95,0,1,0,1,0,0,0,0,0,0,0,1944463
100,0,1,0,1,0,0,0,0,0,0,0,2054847
105,0,1,0,1,0,0,0,0,0,0,0,2163983
5,0,1,0,1,0,0,0,1,0,1,0,56
10,0,1,0,1,0,0,0,1,0,1,0,46365
15,0,1,0,1,0,0,0,1,0,1,0,123776
20,0,1,0,1,0,0,0,1,0,1,0,185621
25,0,1,0,1,0,0,0,1,0,1,0,309500
30,0,1,0,1,0,0,0,1,0,1,0,386031
35,0,1,0,1,0,0,0,1,0,1,0,463517
40,0,1,0,1,0,0,0,1,0,1,0,648223
45,0,1,0,1,0,0,0,1,0,1,0,742221
50,0,1,0,1,0,0,0,1,0,1,0,834998
55,0,1,0,1,0,0,0,1,0,1,0,926859
60,0,1,0,1,0,0,0,1,0,1,0,1019937
65,0,1,0,1,0,0,0,1,0,1,0,1113423
70,0,1,0,1,0,0,0,1,0,1,0,1403473
75,0,1,0,1,0,0,0,1,0,1,0,1513770
80,0,1,0,1,0,0,0,1,0,1,0,1622620
85,0,1,0,1,0,0,0,1,0,1,0,1730296
90,0,1,0,1,0,0,0,1,0,1,0,1839873
95,0,1,0,1,0,0,0,1,0,1,0,1947748
100,0,1,0,1,0,0,0,1,0,1,0,2057176
105,0,1,0,1,0,0,0,1,0,1,0,2156632
5,0,1,0,1,0,0,1,0,1,0,0,58
10,0,1,0,1,0,0,1,0,1,0,0,46252
15,0,1,0,1,0,0,1,0,1,0,0,123467
20,0,1,0,1,0,0,1,0,1,0,0,185665
25,0,1,0,1,0,0,1,0,1,0,0,308086
30,0,1,0,1,0,0,1,0,1,0,0,385973
35,0,1,0,1,0,0,1,0,1,0,0,462909
40,0,1,0,1,0,0,1,0,1,0,0,649829
45,0,1,0,1,0,0,1,0,1,0,0,741951
50,0,1,0,1,0,0,1,0,1,0,0,834539
55,0,1,0,1,0,0,1,0,1,0,0,926847
60,0,1,0,1,0,0,1,0,1,0,0,1019849
65,0,1,0,1,0,0,1,0,1,0,0,1113153
70,0,1,0,1,0,0,1,0,1,0,0,1403927
75,0,1,0,1,0,0,1,0,1,0,0,1513828
80,0,1,0,1,0,0,1,0,1,0,0,1621841
85,0,1,0,1,0,0,1,0,1,0,0,1729395
90,0,1,0,1,0,0,1,0,1,0,0,1838808
95,0,1,0,1,0,0,1,0,1,0,0,1947658
100,0,1,0,1,0,0,1,0,1,0,0,2055366
105,0,1,0,1,0,0,1,0,1,0,0,2165213
5,0,1,0,1,0,0,1,1,1,1,0,55
10,0,1,0,1,0,0,1,1,1,1,0,46309
15,0,1,0,1,0,0,1,1,1,1,0,123658
20,0,1,0,1,0,0,1,1,1,1,0,184802
25,0,1,0,1,0,0,1,1,1,1,0,309473
30,0,1,0,1,0,0,1,1,1,1,0,386827
35,0,1,0,1,0,0,1,1,1,1,0,463990
40,0,1,0,1,0,0,1,1,1,1,0,649067
45,0,1,0,1,0,0,1,1,1,1,0,742188
50,0,1,0,1,0,0,1,1,1,1,0,834943
55,0,1,0,1,0,0,1,1,1,1,0,926901
60,0,1,0,1,0,0,1,1,1,1,0,1017338
65,0,1,0,1,0,0,1,1,1,1,0,1110902
70,0,1,0,1,0,0,1,1,1,1,0,1403679
75,0,1,0,1,0,0,1,1,1,1,0,1512323
80,0,1,0,1,0,0,1,1,1,1,0,1622376
85,0,1,0,1,0,0,1,1,1,1,0,1731366
90,0,1,0,1,0,0,1,1,1,1,0,1838760
95,0,1,0,1,0,0,1,1,1,1,0,1946923
100,0,1,0,1,0,0,1,1,1,1,0,2056329
105,0,1,0,1,0,0,1,1,1,1,0,2164371
5,0,1,0,1,0,1,0,1,0,0,0,55
10,0,1,0,1,0,1,0,1,0,0,0,46386
15,0,1,0,1,0,1,0,1,0,0,0,123732
20,0,1,0,1,0,1,0,1,0,0,0,185630
25,0,1,0,1,0,1,0,1,0,0,0,309003
30,0,1,0,1,0,1,0,1,0,0,0,386977
35,0,1,0,1,0,1,0,1,0,0,0,463564
40,0,1,0,1,0,1,0,1,0,0,0,649369
45,0,1,0,1,0,1,0,1,0,0,0,741790
50,0,1,0,1,0,1,0,1,0,0,0,835041
55,0,1,0,1,0,1,0,1,0,0,0,927813
60,0,1,0,1,0,1,0,1,0,0,0,1020111
65,0,1,0,1,0,1,0,1,0,0,0,1113289
70,0,1,0,1,0,1,0,1,0,0,0,1404019
75,0,1,0,1,0,1,0,1,0,0,0,1513750
80,0,1,0,1,0,1,0,1,0,0,0,1621348
85,0,1,0,1,0,1,0,1,0,0,0,1728116
90,0,1,0,1,0,1,0,1,0,0,0,1836660
95,0,1,0,1,0,1,0,1,0,0,0,1947061
100,0,1,0,1,0,1,0,1,0,0,0,2055705
105,0,1,0,1,0,1,0,1,0,0,0,2164245
5,0,1,0,1,0,1,1,1,1,0,0,56
10,0,1,0,1,0,1,1,1,1,0,0,76997
15,0,1,0,1,0,1,1,1,1,0,0,309500
20,0,1,0,1,0,1,1,1,1,0,0,695639
25,0,1,0,1,0,1,1,1,1,0,0,1236668
30,0,1,0,1,0,1,1,1,1,0,0,1931890
35,0,1,0,1,0,1,1,1,1,0,0,2782441
40,0,1,0,1,0,1,1,1,1,0,0,3784166
45,0,1,0,1,0,1,1,1,1,0,0,4946594
50,0,1,0,1,0,1,1,1,1,0,0,6261271
55,0,1,0,1,0,1,1,1,1,0,0,7732517
60,0,1,0,1,0,1,1,1,1,0,0,9353664
65,0,1,0,1,0,1,1,1,1,0,0,11135416
70,0,1,0,1,0,1,1,1,1,0,0,13070326
75,0,1,0,1,0,1,1,1,1,0,0,15165116
80,0,1,0,1,0,1,1,1,1,0,0,17403544
85,0,1,0,1,0,1,1,1,1,0,0,19798654
90,0,1,0,1,0,1,1,1,1,0,0,22359447
95,0,1,0,1,0,1,1,1,1,0,0,25066067
100,0,1,0,1,0,1,1,1,1,0,0,27925640
105,0,1,0,1,0,1,1,1,1,0,0,30945427
5,0,1,0,1,1,0,0,0,1,1,0,56
10,0,1,0,1,1,0,0,0,1,1,0,77352
15,0,1,0,1,1,0,0,0,1,1,0,309014
20,0,1,0,1,1,0,0,0,1,1,0,695964
25,0,1,0,1,1,0,0,0,1,1,0,1237680
30,0,1,0,1,1,0,0,0,1,1,0,1934189
35,0,1,0,1,1,0,0,0,1,1,0,2785122
40,0,1,0,1,1,0,0,0,1,1,0,3790724
45,0,1,0,1,1,0,0,0,1,1,0,4951284
50,0,1,0,1,1,0,0,0,1,1,0,6268144
55,0,1,0,1,1,0,0,0,1,1,0,7736496
60,0,1,0,1,1,0,0,0,1,1,0,9356625
65,0,1,0,1,1,0,0,0,1,1,0,11136329
70,0,1,0,1,1,0,0,0,1,1,0,13069059
75,0,1,0,1,1,0,0,0,1,1,0,15156418
80,0,1,0,1,1,0,0,0,1,1,0,17401270
85,0,1,0,1,1,0,0,0,1,1,0,19802021
90,0,1,0,1,1,0,0,0,1,1,0,22353534
95,0,1,0,1,1,0,0,0,1,1,0,25058704
100,0,1,0,1,1,0,0,0,1,1,0,27929640
105,0,1,0,1,1,0,0,0,1,1,0,30948640
5,0,1,0,1,1,0,1,0,0,0,0,56
10,0,1,0,1,1,0,1,0,0,0,0,77353
15,0,1,0,1,1,0,1,0,0,0,0,309390
20,0,1,0,1,1,0,1,0,0,0,0,696288
25,0,1,0,1,1,0,1,0,0,0,0,1237883
30,0,1,0,1,1,0,1,0,0,0,0,1934436
35,0,1,0,1,1,0,1,0,0,0,0,2782714
40,0,1,0,1,1,0,1,0,0,0,0,3790839
45,0,1,0,1,1,0,1,0,0,0,0,4951402
50,0,1,0,1,1,0,1,0,0,0,0,6265240
55,0,1,0,1,1,0,1,0,0,0,0,7736098
60,0,1,0,1,1,0,1,0,0,0,0,9345903
65,0,1,0,1,1,0,1,0,0,0,0,11136955
70,0,1,0,1,1,0,1,0,0,0,0,13069400
75,0,1,0,1,1,0,1,0,0,0,0,15160672
80,0,1,0,1,1,0,1,0,0,0,0,17404093
85,0,1,0,1,1,0,1,0,0,0,0,19803666
90,0,1,0,1,1,0,1,0,0,0,0,22350880
95,0,1,0,1,1,0,1,0,0,0,0,25059911
100,0,1,0,1,1,0,1,0,0,0,0,27922427
105,0,1,0,1,1,0,1,0,0,0,0,30943110
5,0,1,0,1,1,0,1,1,0,1,0,54
10,0,1,0,1,1,0,1,1,0,1,0,77364
15,0,1,0,1,1,0,1,1,0,1,0,309238
20,0,1,0,1,1,0,1,1,0,1,0,696116
25,0,1,0,1,1,0,1,1,0,1,0,1237822
30,0,1,0,1,1,0,1,1,0,1,0,1934765
35,0,1,0,1,1,0,1,1,0,1,0,2784094
40,0,1,0,1,1,0,1,1,0,1,0,3791444
45,0,1,0,1,1,0,1,1,0,1,0,4950699
50,0,1,0,1,1,0,1,1,0,1,0,6266685
55,0,1,0,1,1,0,1,1,0,1,0,7736844
60,0,1,0,1,1,0,1,1,0,1,0,9353405
65,0,1,0,1,1,0,1,1,0,1,0,11135331
70,0,1,0,1,1,0,1,1,0,1,0,13075343
75,0,1,0,1,1,0,1,1,0,1,0,15167104
80,0,1,0,1,1,0,1,1,0,1,0,17398436
85,0,1,0,1,1,0,1,1,0,1,0,19803001
90,0,1,0,1,1,0,1,1,0,1,0,22358209
95,0,1,0,1,1,0,1,1,0,1,0,25067709
100,0,1,0,1,1,0,1,1,0,1,0,27929550
105,0,1,0,1,1,0,1,1,0,1,0,30941366
5,0,1,0,1,1,1,0,0,1,0,0,56
10,0,1,0,1,1,1,0,0,1,0,0,77354
15,0,1,0,1,1,1,0,0,1,0,0,309352
20,0,1,0,1,1,1,0,0,1,0,0,696372
25,0,1,0,1,1,1,0,0,1,0,0,1237506
30,0,1,0,1,1,1,0,0,1,0,0,1933171
35,0,1,0,1,1,1,0,0,1,0,0,2784810
40,0,1,0,1,1,1,0,0,1,0,0,3788964
45,0,1,0,1,1,1,0,0,1,0,0,4949654
50,0,1,0,1,1,1,0,0,1,0,0,6262953
55,0,1,0,1,1,1,0,0,1,0,0,7735208
60,0,1,0,1,1,1,0,0,1,0,0,9354665
65,0,1,0,1,1,1,0,0,1,0,0,11136767
70,0,1,0,1,1,1,0,0,1,0,0,13071814
75,0,1,0,1,1,1,0,0,1,0,0,15159049
80,0,1,0,1,1,1,0,0,1,0,0,17402165
85,0,1,0,1,1,1,0,0,1,0,0,19801050
90,0,1,0,1,1,1,0,0,1,0,0,22359152
95,0,1,0,1,1,1,0,0,1,0,0,25057602
100,0,1,0,1,1,1,0,0,1,0,0,27927953
105,0,1,0,1,1,1,0,0,1,0,0,30944185
5,0,1,0,1,1,1,0,1,1,1,0,56
10,0,1,0,1,1,1,0,1,1,1,0,77337
15,0,1,0,1,1,1,0,1,1,1,0,309058
20,0,1,0,1,1,1,0,1,1,1,0,696345
25,0,1,0,1,1,1,0,1,1,1,0,1237698
30,0,1,0,1,1,1,0,1,1,1,0,1933220
35,0,1,0,1,1,1,0,1,1,1,0,2785106
40,0,1,0,1,1,1,0,1,1,1,0,3790720
45,0,1,0,1,1,1,0,1,1,1,0,4950418
50,0,1,0,1,1,1,0,1,1,1,0,6266348
55,0,1,0,1,1,1,0,1,1,1,0,7736748
60,0,1,0,1,1,1,0,1,1,1,0,9353977
65,0,1,0,1,1,1,0,1,1,1,0,11134108
70,0,1,0,1,1,1,0,1,1,1,0,13065259
75,0,1,0,1,1,1,0,1,1,1,0,15162796
80,0,1,0,1,1,1,0,1,1,1,0,17401469
85,0,1,0,1,1,1,0,1,1,1,0,19804147
90,0,1,0,1,1,1,0,1,1,1,0,22352143
95,0,1,0,1,1,1,0,1,1,1,0,25070282
100,0,1,0,1,1,1,0,1,1,1,0,27920713
105,0,1,0,1,1,1,0,1,1,1,0,30947504
5,0,1,0,1,1,1,1,1,0,0,0,57
10,0,1,0,1,1,1,1,1,0,0,0,77369
15,0,1,0,1,1,1,1,1,0,0,0,309183
20,0,1,0,1,1,1,1,1,0,0,0,696157
25,0,1,0,1,1,1,1,1,0,0,0,1237660
30,0,1,0,1,1,1,1,1,0,0,0,1934220
35,0,1,0,1,1,1,1,1,0,0,0,2785195
40,0,1,0,1,1,1,1,1,0,0,0,3792246
45,0,1,0,1,1,1,1,1,0,0,0,4949436
50,0,1,0,1,1,1,1,1,0,0,0,6266587
55,0,1,0,1,1,1,1,1,0,0,0,7721935
60,0,1,0,1,1,1,1,1,0,0,0,9354387
65,0,1,0,1,1,1,1,1,0,0,0,11140305
70,0,1,0,1,1,1,1,1,0,0,0,13073619
75,0,1,0,1,1,1,1,1,0,0,0,15162505
80,0,1,0,1,1,1,1,1,0,0,0,17401713
85,0,1,0,1,1,1,1,1,0,0,0,19800826
90,0,1,0,1,1,1,1,1,0,0,0,22349533
95,0,1,0,1,1,1,1,1,0,0,0,25055595
100,0,1,0,1,1,1,1,1,0,0,0,27925975
105,0,1,0,1,1,1,1,1,0,0,0,30941763
5,0,1,1,0,0,0,0,0,0,1,0,55
10,0,1,1,0,0,0,0,0,0,1,0,77345
15,0,1,1,0,0,0,0,0,0,1,0,308775
20,0,1,1,0,0,0,0,0,0,1,0,696283
25,0,1,1,0,0,0,0,0,0,1,0,1237821
30,0,1,1,0,0,0,0,0,0,1,0,1933758
35,0,1,1,0,0,0,0,0,0,1,0,2784879
40,0,1,1,0,0,0,0,0,0,1,0,3790585
45,0,1,1,0,0,0,0,0,0,1,0,4950177
50,0,1,1,0,0,0,0,0,0,1,0,6266179
55,0,1,1,0,0,0,0,0,0,1,0,7736775
60,0,1,1,0,0,0,0,0,0,1,0,9354946
65,0,1,1,0,0,0,0,0,0,1,0,11141559
70,0,1,1,0,0,0,0,0,0,1,0,13072382
75,0,1,1,0,0,0,0,0,0,1,0,15161809
80,0,1,1,0,0,0,0,0,0,1,0,17402381
85,0,1,1,0,0,0,0,0,0,1,0,19801040
90,0,1,1,0,0,0,0,0,0,1,0,22352172
95,0,1,1,0,0,0,0,0,0,1,0,25063014
100,0,1,1,0,0,0,0,0,0,1,0,27926206
105,0,1,1,0,0,0,0,0,0,1,0,30937089
5,0,1,1,0,0,0,0,1,1,0,0,56
10,0,1,1,0,0,0,0,1,1,0,0,77357
15,0,1,1,0,0,0,0,1,1,0,0,309251
20,0,1,1,0,0,0,0,1,1,0,0,696397
25,0,1,1,0,0,0,0,1,1,0,0,1234798
30,0,1,1,0,0,0,0,1,1,0,0,1932947
35,0,1,1,0,0,0,0,1,1,0,0,2784540
40,0,1,1,0,0,0,0,1,1,0,0,3789584
45,0,1,1,0,0,0,0,1,1,0,0,4951591
50,0,1,1,0,0,0,0,1,1,0,0,6264951
55,0,1,1,0,0,0,0,1,1,0,0,7733480
60,0,1,1,0,0,0,0,1,1,0,0,9355934
65,0,1,1,0,0,0,0,1,1,0,0,11135686
70,0,1,1,0,0,0,0,1,1,0,0,13070179
75,0,1,1,0,0,0,0,1,1,0,0,15161875
80,0,1,1,0,0,0,0,1,1,0,0,17399073
85,0,1,1,0,0,0,0,1,1,0,0,19803450
90,0,1,1,0,0,0,0,1,1,0,0,22357542
95,0,1,1,0,0,0,0,1,1,0,0,25063256
100,0,1,1,0,0,0,0,1,1,0,0,27919780
105,0,1,1,0,0,0,0,1,1,0,0,30944582
5,0,1,1,0,0,1,0,0,0,0,0,55
10,0,1,1,0,0,1,0,0,0,0,0,12264
15,0,1,1,0,0,1,0,0,0,0,0,16376
20,0,1,1,0,0,1,0,0,0,0,0,16391
25,0,1,1,0,0,1,0,0,0,0,0,20459
30,0,1,1,0,0,1,0,0,0,0,0,20451
35,0,1,1,0,0,1,0,0,0,0,0,20454
40,0,1,1,0,0,1,0,0,0,0,0,24542
45,0,1,1,0,0,1,0,0,0,0,0,24512
50,0,1,1,0,0,1,0,0,0,0,0,24478
55,0,1,1,0,0,1,0,0,0,0,0,24557
60,0,1,1,0,0,1,0,0,0,0,0,24542
65,0,1,1,0,0,1,0,0,0,0,0,24548
70,0,1,1,0,0,1,0,0,0,0,0,28639
75,0,1,1,0,0,1,0,0,0,0,0,28658
80,0,1,1,0,0,1,0,0,0,0,0,28599
85,0,1,1,0,0,1,0,0,0,0,0,28642
90,0,1,1,0,0,1,0,0,0,0,0,28641
95,0,1,1,0,0,1,0,0,0,0,0,28644
100,0,1,1,0,0,1,0,0,0,0,0,28596
105,0,1,1,0,0,1,0,0,0,0,0,28680
5,0,1,1,0,0,1,0,1,0,1,0,55
10,0,1,1,0,0,1,0,1,0,1,0,12260
15,0,1,1,0,0,1,0,1,0,1,0,16356
20,0,1,1,0,0,1,0,1,0,1,0,16370
25,0,1,1,0,0,1,0,1,0,1,0,20455
30,0,1,1,0,0,1,0,1,0,1,0,20452
35,0,1,1,0,0,1,0,1,0,1,0,20450
40,0,1,1,0,0,1,0,1,0,1,0,24552
45,0,1,1,0,0,1,0,1,0,1,0,24520
50,0,1,1,0,0,1,0,1,0,1,0,24435
55,0,1,1,0,0,1,0,1,0,1,0,24546
60,0,1,1,0,0,1,0,1,0,1,0,24557
65,0,1,1,0,0,1,0,1,0,1,0,24537
70,0,1,1,0,0,1,0,1,0,1,0,28654
75,0,1,1,0,0,1,0,1,0,1,0,28639
80,0,1,1,0,0,1,0,1,0,1,0,28639
85,0,1,1,0,0,1,0,1,0,1,0,28756
90,0,1,1,0,0,1,0,1,0,1,0,28641
95,0,1,1,0,0,1,0,1,0,1,0,28720
100,0,1,1,0,0,1,0,1,0,1,0,28484
105,0,1,1,0,0,1,0,1,0,1,0,28650
5,0,1,1,0,0,1,1,0,1,0,0,54
10,0,1,1,0,0,1,1,0,1,0,0,12302
15,0,1,1,0,0,1,1,0,1,0,0,16398
20,0,1,1,0,0,1,1,0,1,0,0,16319
25,0,1,1,0,0,1,1,0,1,0,0,20453
30,0,1,1,0,0,1,1,0,1,0,0,20453
35,0,1,1,0,0,1,1,0,1,0,0,20449
40,0,1,1,0,0,1,1,0,1,0,0,24545
45,0,1,1,0,0,1,1,0,1,0,0,24436
50,0,1,1,0,0,1,1,0,1,0,0,24538
55,0,1,1,0,0,1,1,0,1,0,0,24552
60,0,1,1,0,0,1,1,0,1,0,0,24556
65,0,1,1,0,0,1,1,0,1,0,0,24545
70,0,1,1,0,0,1,1,0,1,0,0,28641
75,0,1,1,0,0,1,1,0,1,0,0,28643
80,0,1,1,0,0,1,1,0,1,0,0,28642
85,0,1,1,0,0,1,1,0,1,0,0,28655
90,0,1,1,0,0,1,1,0,1,0,0,28645
95,0,1,1,0,0,1,1,0,1,0,0,28486
100,0,1,1,0,0,1,1,0,1,0,0,28652
105,0,1,1,0,0,1,1,0,1,0,0,28636
5,0,1,1,0,0,1,1,1,1,1,0,56
10,0,1,1,0,0,1,1,1,1,1,0,12277
15,0,1,1,0,0,1,1,1,1,1,0,16355
20,0,1,1,0,0,1,1,1,1,1,0,16356
25,0,1,1,0,0,1,1,1,1,1,0,20459
30,0,1,1,0,0,1,1,1,1,1,0,20452
35,0,1,1,0,0,1,1,1,1,1,0,20454
40,0,1,1,0,0,1,1,1,1,1,0,24564
45,0,1,1,0,0,1,1,1,1,1,0,24544
50,0,1,1,0,0,1,1,1,1,1,0,24547
55,0,1,1,0,0,1,1,1,1,1,0,24535
60,0,1,1,0,0,1,1,1,1,1,0,24514
65,0,1,1,0,0,1,1,1,1,1,0,24580
70,0,1,1,0,0,1,1,1,1,1,0,28652
75,0,1,1,0,0,1,1,1,1,1,0,28681
80,0,1,1,0,0,1,1,1,1,1,0,28651
85,0,1,1,0,0,1,1,1,1,1,0,28644
90,0,1,1,0,0,1,1,1,1,1,0,28481
95,0,1,1,0,0,1,1,1,1,1,0,28636
100,0,1,1,0,0,1,1,1,1,1,0,28644
105,0,1,1,0,0,1,1,1,1,1,0,28642
5,0,1,1,0,1,0,0,1,0,0,0,56
10,0,1,1,0,1,0,0,1,0,0,0,12262
15,0,1,1,0,1,0,0,1,0,0,0,16355
20,0,1,1,0,1,0,0,1,0,0,0,16356
25,0,1,1,0,1,0,0,1,0,0,0,20452
30,0,1,1,0,1,0,0,1,0,0,0,20449
35,0,1,1,0,1,0,0,1,0,0,0,20451
40,0,1,1,0,1,0,0,1,0,0,0,24591
45,0,1,1,0,1,0,0,1,0,0,0,24547
50,0,1,1,0,1,0,0,1,0,0,0,24553
55,0,1,1,0,1,0,0,1,0,0,0,24546
60,0,1,1,0,1,0,0,1,0,0,0,24543
65,0,1,1,0,1,0,0,1,0,0,0,24523
70,0,1,1,0,1,0,0,1,0,0,0,28664
75,0,1,1,0,1,0,0,1,0,0,0,28687
80,0,1,1,0,1,0,0,1,0,0,0,28640
85,0,1,1,0,1,0,0,1,0,0,0,28640
90,0,1,1,0,1,0,0,1,0,0,0,28664
95,0,1,1,0,1,0,0,1,0,0,0,28645
100,0,1,1,0,1,0,0,1,0,0,0,28660
105,0,1,1,0,1,0,0,1,0,0,0,28683
5,0,1,1,0,1,0,1,0,0,1,0,56
10,0,1,1,0,1,0,1,0,0,1,0,12299
15,0,1,1,0,1,0,1,0,0,1,0,16352
20,0,1,1,0,1,0,1,0,0,1,0,16356
25,0,1,1,0,1,0,1,0,0,1,0,20463
30,0,1,1,0,1,0,1,0,0,1,0,20452
35,0,1,1,0,1,0,1,0,0,1,0,20452
40,0,1,1,0,1,0,1,0,0,1,0,24555
45,0,1,1,0,1,0,1,0,0,1,0,24550
50,0,1,1,0,1,0,1,0,0,1,0,24599
55,0,1,1,0,1,0,1,0,0,1,0,24550
60,0,1,1,0,1,0,1,0,0,1,0,24631
65,0,1,1,0,1,0,1,0,0,1,0,24536
70,0,1,1,0,1,0,1,0,0,1,0,28636
75,0,1,1,0,1,0,1,0,0,1,0,28627
80,0,1,1,0,1,0,1,0,0,1,0,28683
85,0,1,1,0,1,0,1,0,0,1,0,28637
90,0,1,1,0,1,0,1,0,0,1,0,28648
95,0,1,1,0,1,0,1,0,0,1,0,28642
100,0,1,1,0,1,0,1,0,0,1,0,28643
105,0,1,1,0,1,0,1,0,0,1,0,28654
5,0,1,1,0,1,0,1,1,1,0,0,55
10,0,1,1,0,1,0,1,1,1,0,0,12261
15,0,1,1,0,1,0,1,1,1,0,0,16404
20,0,1,1,0,1,0,1,1,1,0,0,16365
25,0,1,1,0,1,0,1,1,1,0,0,20461
30,0,1,1,0,1,0,1,1,1,0,0,20458
35,0,1,1,0,1,0,1,1,1,0,0,20459
40,0,1,1,0,1,0,1,1,1,0,0,24525
45,0,1,1,0,1,0,1,1,1,0,0,24547
50,0,1,1,0,1,0,1,1,1,0,0,24549
55,0,1,1,0,1,0,1,1,1,0,0,24594
60,0,1,1,0,1,0,1,1,1,0,0,24529
65,0,1,1,0,1,0,1,1,1,0,0,24593
70,0,1,1,0,1,0,1,1,1,0,0,28645
75,0,1,1,0,1,0,1,1,1,0,0,28651
80,0,1,1,0,1,0,1,1,1,0,0,28642
85,0,1,1,0,1,0,1,1,1,0,0,28643
90,0,1,1,0,1,0,1,1,1,0,0,28652
95,0,1,1,0,1,0,1,1,1,0,0,28624
100,0,1,1,0,1,0,1,1,1,0,0,28644
105,0,1,1,0,1,0,1,1,1,0,0,28610
5,0,1,1,0,1,1,0,0,1,1,0,56
10,0,1,1,0,1,1,0,0,1,1,0,12261
15,0,1,1,0,1,1,0,0,1,1,0,16357
20,0,1,1,0,1,1,0,0,1,1,0,16356
25,0,1,1,0,1,1,0,0,1,1,0,20373
30,0,1,1,0,1,1,0,0,1,1,0,20441
35,0,1,1,0,1,1,0,0,1,1,0,20452
40,0,1,1,0,1,1,0,0,1,1,0,24547
45,0,1,1,0,1,1,0,0,1,1,0,24545
50,0,1,1,0,1,1,0,0,1,1,0,24551
55,0,1,1,0,1,1,0,0,1,1,0,24558
60,0,1,1,0,1,1,0,0,1,1,0,24584
65,0,1,1,0,1,1,0,0,1,1,0,24550
70,0,1,1,0,1,1,0,0,1,1,0,28643
75,0,1,1,0,1,1,0,0,1,1,0,28641
80,0,1,1,0,1,1,0,0,1,1,0,28696
85,0,1,1,0,1,1,0,0,1,1,0,28483
90,0,1,1,0,1,1,0,0,1,1,0,28663
95,0,1,1,0,1,1,0,0,1,1,0,28673
100,0,1,1,0,1,1,0,0,1,1,0,28483
105,0,1,1,0,1,1,0,0,1,1,0,28639
5,0,1,1,0,1,1,1,0,0,0,0,56
10,0,1,1,0,1,1,1,0,0,0,0,12290
15,0,1,1,0,1,1,1,0,0,0,0,16356
20,0,1,1,0,1,1,1,0,0,0,0,16359
25,0,1,1,0,1,1,1,0,0,0,0,20487
30,0,1,1,0,1,1,1,0,0,0,0,20450
35,0,1,1,0,1,1,1,0,0,0,0,20448
40,0,1,1,0,1,1,1,0,0,0,0,24550
45,0,1,1,0,1,1,1,0,0,0,0,24554
50,0,1,1,0,1,1,1,0,0,0,0,24587
55,0,1,1,0,1,1,1,0,0,0,0,24543
60,0,1,1,0,1,1,1,0,0,0,0,24550
65,0,1,1,0,1,1,1,0,0,0,0,24538
70,0,1,1,0,1,1,1,0,0,0,0,28651
75,0,1,1,0,1,1,1,0,0,0,0,28757
80,0,1,1,0,1,1,1,0,0,0,0,28637
85,0,1,1,0,1,1,1,0,0,0,0,28638
90,0,1,1,0,1,1,1,0,0,0,0,28804
95,0,1,1,0,1,1,1,0,0,0,0,28686
100,0,1,1,0,1,1,1,0,0,0,0,28698
105,0,1,1,0,1,1,1,0,0,0,0,28650
5,0,1,1,1,0,0,0,0,1,0,0,55
10,0,1,1,1,0,0,0,0,1,0,0,20441
15,0,1,1,1,0,0,0,0,1,0,0,40906
20,0,1,1,1,0,0,0,0,1,0,0,61384
25,0,1,1,1,0,0,0,0,1,0,0,81852
30,0,1,1,1,0,0,0,0,1,0,0,102373
35,0,1,1,1,0,0,0,0,1,0,0,122814
40,0,1,1,1,0,0,0,0,1,0,0,143252
45,0,1,1,1,0,0,0,0,1,0,0,163744
50,0,1,1,1,0,0,0,0,1,0,0,184243
55,0,1,1,1,0,0,0,0,1,0,0,204690
60,0,1,1,1,0,0,0,0,1,0,0,225140
65,0,1,1,1,0,0,0,0,1,0,0,245649
70,0,1,1,1,0,0,0,0,1,0,0,266129
75,0,1,1,1,0,0,0,0,1,0,0,286575
80,0,1,1,1,0,0,0,0,1,0,0,307005
85,0,1,1,1,0,0,0,0,1,0,0,327595
90,0,1,1,1,0,0,0,0,1,0,0,348045
95,0,1,1,1,0,0,0,0,1,0,0,368536
100,0,1,1,1,0,0,0,0,1,0,0,388863
105,0,1,1,1,0,0,0,0,1,0,0,409376
5,0,1,1,1,0,0,0,1,1,1,0,56
10,0,1,1,1,0,0,0,1,1,1,0,20491
15,0,1,1,1,0,0,0,1,1,1,0,40926
20,0,1,1,1,0,0,0,1,1,1,0,61404
25,0,1,1,1,0,0,0,1,1,1,0,81875
30,0,1,1,1,0,0,0,1,1,1,0,102351
35,0,1,1,1,0,0,0,1,1,1,0,122827
40,0,1,1,1,0,0,0,1,1,1,0,143187
45,0,1,1,1,0,0,0,1,1,1,0,163826
50,0,1,1,1,0,0,0,1,1,1,0,184241
55,0,1,1,1,0,0,0,1,1,1,0,204727
60,0,1,1,1,0,0,0,1,1,1,0,225224
65,0,1,1,1,0,0,0,1,1,1,0,245677
70,0,1,1,1,0,0,0,1,1,1,0,266120
75,0,1,1,1,0,0,0,1,1,1,0,286608
80,0,1,1,1,0,0,0,1,1,1,0,306950
85,0,1,1,1,0,0,0,1,1,1,0,327630
90,0,1,1,1,0,0,0,1,1,1,0,347961
95,0,1,1,1,0,0,0,1,1,1,0,368630
100,0,1,1,1,0,0,0,1,1,1,0,387365
105,0,1,1,1,0,0,0,1,1,1,0,408091
5,0,1,1,1,0,0,1,1,0,0,0,55
10,0,1,1,1,0,0,1,1,0,0,0,20489
15,0,1,1,1,0,0,1,1,0,0,0,40945
20,0,1,1,1,0,0,1,1,0,0,0,61322
25,0,1,1,1,0,0,1,1,0,0,0,81590
30,0,1,1,1,0,0,1,1,0,0,0,102115
35,0,1,1,1,0,0,1,1,0,0,0,122582
40,0,1,1,1,0,0,1,1,0,0,0,142777
45,0,1,1,1,0,0,1,1,0,0,0,162997
50,0,1,1,1,0,0,1,1,0,0,0,183529
55,0,1,1,1,0,0,1,1,0,0,0,203761
60,0,1,1,1,0,0,1,1,0,0,0,223974
65,0,1,1,1,0,0,1,1,0,0,0,244515
70,0,1,1,1,0,0,1,1,0,0,0,264785
75,0,1,1,1,0,0,1,1,0,0,0,285382
80,0,1,1,1,0,0,1,1,0,0,0,306158
85,0,1,1,1,0,0,1,1,0,0,0,326226
90,0,1,1,1,0,0,1,1,0,0,0,347014
95,0,1,1,1,0,0,1,1,0,0,0,367404
100,0,1,1,1,0,0,1,1,0,0,0,387780
105,0,1,1,1,0,0,1,1,0,0,0,407762
5,0,1,1,1,0,1,0,0,0,1,0,55
10,0,1,1,1,0,1,0,0,0,1,0,20404
15,0,1,1,1,0,1,0,0,0,1,0,40895
20,0,1,1,1,0,1,0,0,0,1,0,61170
25,0,1,1,1,0,1,0,0,0,1,0,81524
30,0,1,1,1,0,1,0,0,0,1,0,102194
35,0,1,1,1,0,1,0,0,0,1,0,122508
40,0,1,1,1,0,1,0,0,0,1,0,142824
45,0,1,1,1,0,1,0,0,0,1,0,163202
50,0,1,1,1,0,1,0,0,0,1,0,183463
55,0,1,1,1,0,1,0,0,0,1,0,203643
60,0,1,1,1,0,1,0,0,0,1,0,224263
65,0,1,1,1,0,1,0,0,0,1,0,244595
70,0,1,1,1,0,1,0,0,0,1,0,264642
75,0,1,1,1,0,1,0,0,0,1,0,285819
80,0,1,1,1,0,1,0,0,0,1,0,306394
85,0,1,1,1,0,1,0,0,0,1,0,325884
90,0,1,1,1,0,1,0,0,0,1,0,346579
95,0,1,1,1,0,1,0,0,0,1,0,367228
100,0,1,1,1,0,1,0,0,0,1,0,387040
105,0,1,1,1,0,1,0,0,0,1,0,407701
5,0,1,1,1,0,1,0,1,1,0,0,55
10,0,1,1,1,0,1,0,1,1,0,0,20461
15,0,1,1,1,0,1,0,1,1,0,0,40703
20,0,1,1,1,0,1,0,1,1,0,0,61211
25,0,1,1,1,0,1,0,1,1,0,0,81642
30,0,1,1,1,0,1,0,1,1,0,0,102063
35,0,1,1,1,0,1,0,1,1,0,0,122517
40,0,1,1,1,0,1,0,1,1,0,0,142813
45,0,1,1,1,0,1,0,1,1,0,0,163285
50,0,1,1,1,0,1,0,1,1,0,0,183685
55,0,1,1,1,0,1,0,1,1,0,0,203944
60,0,1,1,1,0,1,0,1,1,0,0,224439
65,0,1,1,1,0,1,0,1,1,0,0,244674
70,0,1,1,1,0,1,0,1,1,0,0,265115
75,0,1,1,1,0,1,0,1,1,0,0,285346
80,0,1,1,1,0,1,0,1,1,0,0,306369
85,0,1,1,1,0,1,0,1,1,0,0,326202
90,0,1,1,1,0,1,0,1,1,0,0,346458
95,0,1,1,1,0,1,0,1,1,0,0,367157
100,0,1,1,1,0,1,0,1,1,0,0,387387
105,0,1,1,1,0,1,0,1,1,0,0,407326
5,0,1,1,1,0,1,1,0,1,1,0,57
10,0,1,1,1,0,1,1,0,1,1,0,20511
15,0,1,1,1,0,1,1,0,1,1,0,40848
20,0,1,1,1,0,1,1,0,1,1,0,61222
25,0,1,1,1,0,1,1,0,1,1,0,81626
30,0,1,1,1,0,1,1,0,1,1,0,101921
35,0,1,1,1,0,1,1,0,1,1,0,122273
40,0,1,1,1,0,1,1,0,1,1,0,142709
45,0,1,1,1,0,1,1,0,1,1,0,163433
50,0,1,1,1,0,1,1,0,1,1,0,183916
55,0,1,1,1,0,1,1,0,1,1,0,204159
60,0,1,1,1,0,1,1,0,1,1,0,224656
65,0,1,1,1,0,1,1,0,1,1,0,245264
70,0,1,1,1,0,1,1,0,1,1,0,265870
75,0,1,1,1,0,1,1,0,1,1,0,286015
80,0,1,1,1,0,1,1,0,1,1,0,306688
85,0,1,1,1,0,1,1,0,1,1,0,327278
90,0,1,1,1,0,1,1,0,1,1,0,347610
95,0,1,1,1,0,1,1,0,1,1,0,368168
100,0,1,1,1,0,1,1,0,1,1,0,388813
105,0,1,1,1,0,1,1,0,1,1,0,408660
5,0,1,1,1,1,0,0,0,0,0,0,65
10,0,1,1,1,1,0,0,0,0,0,0,20466
15,0,1,1,1,1,0,0,0,0,0,0,40931
20,0,1,1,1,1,0,0,0,0,0,0,61382
25,0,1,1,1,1,0,0,0,0,0,0,81890
30,0,1,1,1,1,0,0,0,0,0,0,102337
35,0,1,1,1,1,0,0,0,0,0,0,122815
40,0,1,1,1,1,0,0,0,0,0,0,142707
45,0,1,1,1,1,0,0,0,0,0,0,163365
50,0,1,1,1,1,0,0,0,0,0,0,183840
55,0,1,1,1,1,0,0,0,0,0,0,204255
60,0,1,1,1,1,0,0,0,0,0,0,224212
65,0,1,1,1,1,0,0,0,0,0,0,245352
70,0,1,1,1,1,0,0,0,0,0,0,265504
75,0,1,1,1,1,0,0,0,0,0,0,286052
80,0,1,1,1,1,0,0,0,0,0,0,306574
85,0,1,1,1,1,0,0,0,0,0,0,326951
90,0,1,1,1,1,0,0,0,0,0,0,347489
95,0,1,1,1,1,0,0,0,0,0,0,367884
100,0,1,1,1,1,0,0,0,0,0,0,388399
105,0,1,1,1,1,0,0,0,0,0,0,409125
5,0,1,1,1,1,0,0,1,0,1,0,55
10,0,1,1,1,1,0,0,1,0,1,0,20447
15,0,1,1,1,1,0,0,1,0,1,0,40928
20,0,1,1,1,1,0,0,1,0,1,0,61401
25,0,1,1,1,1,0,0,1,0,1,0,81871
30,0,1,1,1,1,0,0,1,0,1,0,102301
35,0,1,1,1,1,0,0,1,0,1,0,122722
40,0,1,1,1,1,0,0,1,0,1,0,142721
45,0,1,1,1,1,0,0,1,0,1,0,163079
50,0,1,1,1,1,0,0,1,0,1,0,183864
55,0,1,1,1,1,0,0,1,0,1,0,204230
60,0,1,1,1,1,0,0,1,0,1,0,224291
65,0,1,1,1,1,0,0,1,0,1,0,245369
70,0,1,1,1,1,0,0,1,0,1,0,265919
75,0,1,1,1,1,0,0,1,0,1,0,286096
80,0,1,1,1,1,0,0,1,0,1,0,306443
85,0,1,1,1,1,0,0,1,0,1,0,327389
90,0,1,1,1,1,0,0,1,0,1,0,347654
95,0,1,1,1,1,0,0,1,0,1,0,367953
100,0,1,1,1,1,0,0,1,0,1,0,388490
105,0,1,1,1,1,0,0,1,0,1,0,409106
5,0,1,1,1,1,0,1,0,1,0,0,56
10,0,1,1,1,1,0,1,0,1,0,0,20525
15,0,1,1,1,1,0,1,0,1,0,0,41007
20,0,1,1,1,1,0,1,0,1,0,0,61368
25,0,1,1,1,1,0,1,0,1,0,0,81868
30,0,1,1,1,1,0,1,0,1,0,0,102317
35,0,1,1,1,1,0,1,0,1,0,0,122836
40,0,1,1,1,1,0,1,0,1,0,0,143086
45,0,1,1,1,1,0,1,0,1,0,0,163044
50,0,1,1,1,1,0,1,0,1,0,0,183789
55,0,1,1,1,1,0,1,0,1,0,0,204425
60,0,1,1,1,1,0,1,0,1,0,0,224895
65,0,1,1,1,1,0,1,0,1,0,0,245403
70,0,1,1,1,1,0,1,0,1,0,0,265599
75,0,1,1,1,1,0,1,0,1,0,0,286094
80,0,1,1,1,1,0,1,0,1,0,0,306650
85,0,1,1,1,1,0,1,0,1,0,0,327363
90,0,1,1,1,1,0,1,0,1,0,0,347461
95,0,1,1,1,1,0,1,0,1,0,0,367190
100,0,1,1,1,1,0,1,0,1,0,0,386924
105,0,1,1,1,1,0,1,0,1,0,0,409168
5,0,1,1,1,1,1,0,1,0,0,0,58
10,0,1,1,1,1,1,0,1,0,0,0,61234
15,0,1,1,1,1,1,0,1,0,0,0,163302
20,0,1,1,1,1,1,0,1,0,0,0,245261
25,0,1,1,1,1,1,0,1,0,0,0,408551
30,0,1,1,1,1,1,0,1,0,0,0,510378
35,0,1,1,1,1,1,0,1,0,0,0,612891
40,0,1,1,1,1,1,0,1,0,0,0,858099
45,0,1,1,1,1,1,0,1,0,0,0,981414
50,0,1,1,1,1,1,0,1,0,0,0,1104687
55,0,1,1,1,1,1,0,1,0,0,0,1226724
60,0,1,1,1,1,1,0,1,0,0,0,1346985
65,0,1,1,1,1,1,0,1,0,0,0,1471510
70,0,1,1,1,1,1,0,1,0,0,0,1861286
75,0,1,1,1,1,1,0,1,0,0,0,2001620
80,0,1,1,1,1,1,0,1,0,0,0,2146373
85,0,1,1,1,1,1,0,1,0,0,0,2290501
90,0,1,1,1,1,1,0,1,0,0,0,2431551
95,0,1,1,1,1,1,0,1,0,0,0,2576348
100,0,1,1,1,1,1,0,1,0,0,0,2717345
105,0,1,1,1,1,1,0,1,0,0,0,2862275
5,0,1,1,1,1,1,1,0,0,1,0,56
10,0,1,1,1,1,1,1,0,0,1,0,61410
15,0,1,1,1,1,1,1,0,0,1,0,163851
20,0,1,1,1,1,1,1,0,0,1,0,245125
25,0,1,1,1,1,1,1,0,0,1,0,408711
30,0,1,1,1,1,1,1,0,0,1,0,511066
35,0,1,1,1,1,1,1,0,0,1,0,613512
40,0,1,1,1,1,1,1,0,0,1,0,859496
45,0,1,1,1,1,1,1,0,0,1,0,982060
50,0,1,1,1,1,1,1,0,0,1,0,1105589
55,0,1,1,1,1,1,1,0,0,1,0,1227904
60,0,1,1,1,1,1,1,0,0,1,0,1350340
65,0,1,1,1,1,1,1,0,0,1,0,1474066
70,0,1,1,1,1,1,1,0,0,1,0,1862305
75,0,1,1,1,1,1,1,0,0,1,0,2006242
80,0,1,1,1,1,1,1,0,0,1,0,2149708
85,0,1,1,1,1,1,1,0,0,1,0,2292660
90,0,1,1,1,1,1,1,0,0,1,0,2435958
95,0,1,1,1,1,1,1,0,0,1,0,2580554
100,0,1,1,1,1,1,1,0,0,1,0,2722684
105,0,1,1,1,1,1,1,0,0,1,0,2866001
5,0,1,1,1,1,1,1,1,1,0,0,56
10,0,1,1,1,1,1,1,1,1,0,0,61407
15,0,1,1,1,1,1,1,1,1,0,0,163745
20,0,1,1,1,1,1,1,1,1,0,0,245687
25,0,1,1,1,1,1,1,1,1,0,0,409512
30,0,1,1,1,1,1,1,1,1,0,0,511000
35,0,1,1,1,1,1,1,1,1,0,0,613068
40,0,1,1,1,1,1,1,1,1,0,0,859420
45,0,1,1,1,1,1,1,1,1,0,0,982442
50,0,1,1,1,1,1,1,1,1,0,0,1104684
55,0,1,1,1,1,1,1,1,1,0,0,1227275
60,0,1,1,1,1,1,1,1,1,0,0,1350502
65,0,1,1,1,1,1,1,1,1,0,0,1473571
70,0,1,1,1,1,1,1,1,1,0,0,1863407
75,0,1,1,1,1,1,1,1,1,0,0,2007330
80,0,1,1,1,1,1,1,1,1,0,0,2150715
85,0,1,1,1,1,1,1,1,1,0,0,2292599
90,0,1,1,1,1,1,1,1,1,0,0,2436874
95,0,1,1,1,1,1,1,1,1,0,0,2579034
100,0,1,1,1,1,1,1,1,1,0,0,2722254
105,0,1,1,1,1,1,1,1,1,0,0,2867560
5,1,0,0,0,0,0,0,0,1,1,0,56
10,1,0,0,0,0,0,0,0,1,1,0,61402
15,1,0,0,0,0,0,0,0,1,1,0,163761
20,1,0,0,0,0,0,0,0,1,1,0,245702
25,1,0,0,0,0,0,0,0,1,1,0,409413
30,1,0,0,0,0,0,0,0,1,1,0,510975
35,1,0,0,0,0,0,0,0,1,1,0,612840
40,1,0,0,0,0,0,0,0,1,1,0,859469
45,1,0,0,0,0,0,0,0,1,1,0,982778
50,1,0,0,0,0,0,0,0,1,1,0,1105146
55,1,0,0,0,0,0,0,0,1,1,0,1228240
60,1,0,0,0,0,0,0,0,1,1,0,1350770
65,1,0,0,0,0,0,0,0,1,1,0,1473128
70,1,0,0,0,0,0,0,0,1,1,0,1862180
75,1,0,0,0,0,0,0,0,1,1,0,2006556
80,1,0,0,0,0,0,0,0,1,1,0,2149399
85,1,0,0,0,0,0,0,0,1,1,0,2293015
90,1,0,0,0,0,0,0,0,1,1,0,2436069
95,1,0,0,0,0,0,0,0,1,1,0,2579174
100,1,0,0,0,0,0,0,0,1,1,0,2722184
105,1,0,0,0,0,0,0,0,1,1,0,2865530
5,1,0,0,0,0,0,1,0,0,0,0,57
10,1,0,0,0,0,0,1,0,0,0,0,61394
15,1,0,0,0,0,0,1,0,0,0,0,163795
20,1,0,0,0,0,0,1,0,0,0,0,245653
25,1,0,0,0,0,0,1,0,0,0,0,409456
30,1,0,0,0,0,0,1,0,0,0,0,510626
35,1,0,0,0,0,0,1,0,0,0,0,613359
40,1,0,0,0,0,0,1,0,0,0,0,859426
45,1,0,0,0,0,0,1,0,0,0,0,982121
50,1,0,0,0,0,0,1,0,0,0,0,1105140
55,1,0,0,0,0,0,1,0,0,0,0,1227976
60,1,0,0,0,0,0,1,0,0,0,0,1350621
65,1,0,0,0,0,0,1,0,0,0,0,1475172
70,1,0,0,0,0,0,1,0,0,0,0,1862179
75,1,0,0,0,0,0,1,0,0,0,0,2005880
80,1,0,0,0,0,0,1,0,0,0,0,2149482
85,1,0,0,0,0,0,1,0,0,0,0,2293088
90,1,0,0,0,0,0,1,0,0,0,0,2435806
95,1,0,0,0,0,0,1,0,0,0,0,2579091
100,1,0,0,0,0,0,1,0,0,0,0,2724116
105,1,0,0,0,0,0,1,0,0,0,0,2865910
5,1,0,0,0,0,0,1,1,0,1,0,55
10,1,0,0,0,0,0,1,1,0,1,0,60939
15,1,0,0,0,0,0,1,1,0,1,0,163778
20,1,0,0,0,0,0,1,1,0,1,0,245657
25,1,0,0,0,0,0,1,1,0,1,0,409491
30,1,0,0,0,0,0,1,1,0,1,0,511271
35,1,0,0,0,0,0,1,1,0,1,0,613282
40,1,0,0,0,0,0,1,1,0,1,0,858964
45,1,0,0,0,0,0,1,1,0,1,0,981775
50,1,0,0,0,0,0,1,1,0,1,0,1103677
55,1,0,0,0,0,0,1,1,0,1,0,1228671
60,1,0,0,0,0,0,1,1,0,1,0,1350731
65,1,0,0,0,0,0,1,1,0,1,0,1473515
70,1,0,0,0,0,0,1,1,0,1,0,1862583
75,1,0,0,0,0,0,1,1,0,1,0,2006575
80,1,0,0,0,0,0,1,1,0,1,0,2150355
85,1,0,0,0,0,0,1,1,0,1,0,2292856
90,1,0,0,0,0,0,1,1,0,1,0,2435775
95,1,0,0,0,0,0,1,1,0,1,0,2579242
100,1,0,0,0,0,0,1,1,0,1,0,2722783
105,1,0,0,0,0,0,1,1,0,1,0,2868345
5,1,0,0,0,0,1,0,0,1,0,0,55
10,1,0,0,0,0,1,0,0,1,0,0,61367
15,1,0,0,0,0,1,0,0,1,0,0,163758
20,1,0,0,0,0,1,0,0,1,0,0,245669
25,1,0,0,0,0,1,0,0,1,0,0,409474
30,1,0,0,0,0,1,0,0,1,0,0,511099
35,1,0,0,0,0,1,0,0,1,0,0,613249
40,1,0,0,0,0,1,0,0,1,0,0,859451
45,1,0,0,0,0,1,0,0,1,0,0,982286
50,1,0,0,0,0,1,0,0,1,0,0,1104083
55,1,0,0,0,0,1,0,0,1,0,0,1228387
60,1,0,0,0,0,1,0,0,1,0,0,1350877
65,1,0,0,0,0,1,0,0,1,0,0,1473156
70,1,0,0,0,0,1,0,0,1,0,0,1862094
75,1,0,0,0,0,1,0,0,1,0,0,2006276
80,1,0,0,0,0,1,0,0,1,0,0,2150951
85,1,0,0,0,0,1,0,0,1,0,0,2292687
90,1,0,0,0,0,1,0,0,1,0,0,2436154
95,1,0,0,0,0,1,0,0,1,0,0,2580168
100,1,0,0,0,0,1,0,0,1,0,0,2722618
105,1,0,0,0,0,1,0,0,1,0,0,2866143
5,1,0,0,0,0,1,0,1,1,1,0,56
10,1,0,0,0,0,1,0,1,1,1,0,61395
15,1,0,0,0,0,1,0,1,1,1,0,163800
20,1,0,0,0,0,1,0,1,1,1,0,245703
25,1,0,0,0,0,1,0,1,1,1,0,409479
30,1,0,0,0,0,1,0,1,1,1,0,511138
35,1,0,0,0,0,1,0,1,1,1,0,613470
40,1,0,0,0,0,1,0,1,1,1,0,859505
45,1,0,0,0,0,1,0,1,1,1,0,982509
50,1,0,0,0,0,1,0,1,1,1,0,1104760
55,1,0,0,0,0,1,0,1,1,1,0,1228032
60,1,0,0,0,0,1,0,1,1,1,0,1349857
65,1,0,0,0,0,1,0,1,1,1,0,1473598
70,1,0,0,0,0,1,0,1,1,1,0,1862663
75,1,0,0,0,0,1,0,1,1,1,0,2006965
80,1,0,0,0,0,1,0,1,1,1,0,2148759
85,1,0,0,0,0,1,0,1,1,1,0,2291584
90,1,0,0,0,0,1,0,1,1,1,0,2436017
95,1,0,0,0,0,1,0,1,1,1,0,2578692
100,1,0,0,0,0,1,0,1,1,1,0,2722840
105,1,0,0,0,0,1,0,1,1,1,0,2865596
5,1,0,0,0,0,1,1,1,0,0,0,55
10,1,0,0,0,0,1,1,1,0,0,0,61393
15,1,0,0,0,0,1,1,1,0,0,0,162322
20,1,0,0,0,0,1,1,1,0,0,0,245661
25,1,0,0,0,0,1,1,1,0,0,0,409238
30,1,0,0,0,0,1,1,1,0,0,0,511179
35,1,0,0,0,0,1,1,1,0,0,0,612997
40,1,0,0,0,0,1,1,1,0,0,0,859402
45,1,0,0,0,0,1,1,1,0,0,0,983003
50,1,0,0,0,0,1,1,1,0,0,0,1105355
55,1,0,0,0,0,1,1,1,0,0,0,1227987
60,1,0,0,0,0,1,1,1,0,0,0,1350948
65,1,0,0,0,0,1,1,1,0,0,0,1473731
70,1,0,0,0,0,1,1,1,0,0,0,1862169
75,1,0,0,0,0,1,1,1,0,0,0,2006083
80,1,0,0,0,0,1,1,1,0,0,0,2149736
85,1,0,0,0,0,1,1,1,0,0,0,2292477
90,1,0,0,0,0,1,1,1,0,0,0,2436222
95,1,0,0,0,0,1,1,1,0,0,0,2579354
100,1,0,0,0,0,1,1,1,0,0,0,2722322
105,1,0,0,0,0,1,1,1,0,0,0,2865415
5,1,0,0,0,1,0,0,1,1,0,0,57
10,1,0,0,0,1,0,0,1,1,0,0,102357
15,1,0,0,0,1,0,0,1,1,0,0,409468
20,1,0,0,0,1,0,0,1,1,0,0,920984
25,1,0,0,0,1,0,0,1,1,0,0,1635700
30,1,0,0,0,1,0,0,1,1,0,0,2557019
35,1,0,0,0,1,0,0,1,1,0,0,3683863
40,1,0,0,0,1,0,0,1,1,0,0,5013853
45,1,0,0,0,1,0,0,1,1,0,0,6554250
50,1,0,0,0,1,0,0,1,1,0,0,8287894
55,1,0,0,0,1,0,0,1,1,0,0,10234164
60,1,0,0,0,1,0,0,1,1,0,0,12386590
65,1,0,0,0,1,0,0,1,1,0,0,14747181
70,1,0,0,0,1,0,0,1,1,0,0,17305439
75,1,0,0,0,1,0,0,1,1,0,0,20081529
80,1,0,0,0,1,0,0,1,1,0,0,23050831
85,1,0,0,0,1,0,0,1,1,0,0,26225498
90,1,0,0,0,1,0,0,1,1,0,0,29607448
95,1,0,0,0,1,0,0,1,1,0,0,33187269
100,1,0,0,0,1,0,0,1,1,0,0,36991615
105,1,0,0,0,1,0,0,1,1,0,0,40989413
5,1,0,0,0,1,0,1,0,1,1,0,56
10,1,0,0,0,1,0,1,0,1,1,0,102370
15,1,0,0,0,1,0,1,0,1,1,0,409483
20,1,0,0,0,1,0,1,0,1,1,0,921380
25,1,0,0,0,1,0,1,0,1,1,0,1638318
30,1,0,0,0,1,0,1,0,1,1,0,2559441
35,1,0,0,0,1,0,1,0,1,1,0,3685860
40,1,0,0,0,1,0,1,0,1,1,0,5021180
45,1,0,0,0,1,0,1,0,1,1,0,6554944
50,1,0,0,0,1,0,1,0,1,1,0,8280147
55,1,0,0,0,1,0,1,0,1,1,0,10192540
60,1,0,0,0,1,0,1,0,1,1,0,12354444
65,1,0,0,0,1,0,1,0,1,1,0,14702939
70,1,0,0,0,1,0,1,0,1,1,0,17282804
75,1,0,0,0,1,0,1,0,1,1,0,20055911
80,1,0,0,0,1,0,1,0,1,1,0,23024026
85,1,0,0,0,1,0,1,0,1,1,0,26204963
90,1,0,0,0,1,0,1,0,1,1,0,29587763
95,1,0,0,0,1,0,1,0,1,1,0,33169143
100,1,0,0,0,1,0,1,0,1,1,0,36966028
105,1,0,0,0,1,0,1,0,1,1,0,40973418
5,1,0,0,0,1,1,0,0,0,0,0,58
10,1,0,0,0,1,1,0,0,0,0,0,102346
15,1,0,0,0,1,1,0,0,0,0,0,409351
20,1,0,0,0,1,1,0,0,0,0,0,921379
25,1,0,0,0,1,1,0,0,0,0,0,1637964
30,1,0,0,0,1,1,0,0,0,0,0,2559439
35,1,0,0,0,1,1,0,0,0,0,0,3685685
40,1,0,0,0,1,1,0,0,0,0,0,5018255
45,1,0,0,0,1,1,0,0,0,0,0,6553081
50,1,0,0,0,1,1,0,0,0,0,0,8293914
55,1,0,0,0,1,1,0,0,0,0,0,10239718
60,1,0,0,0,1,1,0,0,0,0,0,12382554
65,1,0,0,0,1,1,0,0,0,0,0,14749895
70,1,0,0,0,1,1,0,0,0,0,0,17309004
75,1,0,0,0,1,1,0,0,0,0,0,20073833
80,1,0,0,0,1,1,0,0,0,0,0,23043812
85,1,0,0,0,1,1,0,0,0,0,0,26220464
90,1,0,0,0,1,1,0,0,0,0,0,29608049
95,1,0,0,0,1,1,0,0,0,0,0,33173213
100,1,0,0,0,1,1,0,0,0,0,0,36983387
105,1,0,0,0,1,1,0,0,0,0,0,40967852
5,1,0,0,0,1,1,0,1,0,1,0,55
10,1,0,0,0,1,1,0,1,0,1,0,102356
15,1,0,0,0,1,1,0,1,0,1,0,409493
20,1,0,0,0,1,1,0,1,0,1,0,921430
25,1,0,0,0,1,1,0,1,0,1,0,1637857
30,1,0,0,0,1,1,0,1,0,1,0,2559339
35,1,0,0,0,1,1,0,1,0,1,0,3686810
40,1,0,0,0,1,1,0,1,0,1,0,5016923
45,1,0,0,0,1,1,0,1,0,1,0,6557764
50,1,0,0,0,1,1,0,1,0,1,0,8294278
55,1,0,0,0,1,1,0,1,0,1,0,10238601
60,1,0,0,0,1,1,0,1,0,1,0,12386442
65,1,0,0,0,1,1,0,1,0,1,0,14746991
70,1,0,0,0,1,1,0,1,0,1,0,17302311
75,1,0,0,0,1,1,0,1,0,1,0,20076145
80,1,0,0,0,1,1,0,1,0,1,0,23046677
85,1,0,0,0,1,1,0,1,0,1,0,26221038
90,1,0,0,0,1,1,0,1,0,1,0,29599289
95,1,0,0,0,1,1,0,1,0,1,0,33178624
100,1,0,0,0,1,1,0,1,0,1,0,36960522
105,1,0,0,0,1,1,0,1,0,1,0,40961375
5,1,0,0,0,1,1,1,0,1,0,0,56
10,1,0,0,0,1,1,1,0,1,0,0,102337
15,1,0,0,0,1,1,1,0,1,0,0,409631
20,1,0,0,0,1,1,1,0,1,0,0,921318
25,1,0,0,0,1,1,1,0,1,0,0,1637847
30,1,0,0,0,1,1,1,0,1,0,0,2559427
35,1,0,0,0,1,1,1,0,1,0,0,3688055
40,1,0,0,0,1,1,1,0,1,0,0,5017915
45,1,0,0,0,1,1,1,0,1,0,0,6555028
50,1,0,0,0,1,1,1,0,1,0,0,8292873
55,1,0,0,0,1,1,1,0,1,0,0,10234049
60,1,0,0,0,1,1,1,0,1,0,0,12392937
65,1,0,0,0,1,1,1,0,1,0,0,14748023
70,1,0,0,0,1,1,1,0,1,0,0,17306297
75,1,0,0,0,1,1,1,0,1,0,0,20075382
80,1,0,0,0,1,1,1,0,1,0,0,23036760
85,1,0,0,0,1,1,1,0,1,0,0,26217524
90,1,0,0,0,1,1,1,0,1,0,0,29594444
95,1,0,0,0,1,1,1,0,1,0,0,33176653
100,1,0,0,0,1,1,1,0,1,0,0,36970925
105,1,0,0,0,1,1,1,0,1,0,0,40980100
5,1,0,0,0,1,1,1,1,1,1,0,57
10,1,0,0,0,1,1,1,1,1,1,0,102355
15,1,0,0,0,1,1,1,1,1,1,0,409493
20,1,0,0,0,1,1,1,1,1,1,0,921399
25,1,0,0,0,1,1,1,1,1,1,0,1637886
30,1,0,0,0,1,1,1,1,1,1,0,2553737
35,1,0,0,0,1,1,1,1,1,1,0,3685269
40,1,0,0,0,1,1,1,1,1,1,0,5018414
45,1,0,0,0,1,1,1,1,1,1,0,6553738
50,1,0,0,0,1,1,1,1,1,1,0,8296416
55,1,0,0,0,1,1,1,1,1,1,0,10239985
60,1,0,0,0,1,1,1,1,1,1,0,12392758
65,1,0,0,0,1,1,1,1,1,1,0,14743424
70,1,0,0,0,1,1,1,1,1,1,0,17302337
75,1,0,0,0,1,1,1,1,1,1,0,20080591
80,1,0,0,0,1,1,1,1,1,1,0,23043628
85,1,0,0,0,1,1,1,1,1,1,0,26216674
90,1,0,0,0,1,1,1,1,1,1,0,29599774
95,1,0,0,0,1,1,1,1,1,1,0,33178466
100,1,0,0,0,1,1,1,1,1,1,0,36974929
105,1,0,0,0,1,1,1,1,1,1,0,40958670
5,1,0,0,1,0,0,0,1,0,0,0,65
10,1,0,0,1,0,0,0,1,0,0,0,102335
15,1,0,0,1,0,0,0,1,0,0,0,409443
20,1,0,0,1,0,0,0,1,0,0,0,921338
25,1,0,0,1,0,0,0,1,0,0,0,1638779
30,1,0,0,1,0,0,0,1,0,0,0,2559370
35,1,0,0,1,0,0,0,1,0,0,0,3687049
40,1,0,0,1,0,0,0,1,0,0,0,5022329
45,1,0,0,1,0,0,0,1,0,0,0,6557607
50,1,0,0,1,0,0,0,1,0,0,0,8297895
55,1,0,0,1,0,0,0,1,0,0,0,10239840
60,1,0,0,1,0,0,0,1,0,0,0,12387340
65,1,0,0,1,0,0,0,1,0,0,0,14749954
70,1,0,0,1,0,0,0,1,0,0,0,17306925
75,1,0,0,1,0,0,0,1,0,0,0,20067064
80,1,0,0,1,0,0,0,1,0,0,0,23049362
85,1,0,0,1,0,0,0,1,0,0,0,26223821
90,1,0,0,1,0,0,0,1,0,0,0,29604938
95,1,0,0,1,0,0,0,1,0,0,0,33167345
100,1,0,0,1,0,0,0,1,0,0,0,36976282
105,1,0,0,1,0,0,0,1,0,0,0,40965258
5,1,0,0,1,0,0,1,0,0,1,0,70
10,1,0,0,1,0,0,1,0,0,1,0,102358
15,1,0,0,1,0,0,1,0,0,1,0,409477
20,1,0,0,1,0,0,1,0,0,1,0,921356
25,1,0,0,1,0,0,1,0,0,1,0,1638060
30,1,0,0,1,0,0,1,0,0,1,0,2558850
35,1,0,0,1,0,0,1,0,0,1,0,3685522
40,1,0,0,1,0,0,1,0,0,1,0,5016287
45,1,0,0,1,0,0,1,0,0,1,0,6552068
50,1,0,0,1,0,0,1,0,0,1,0,8296818
55,1,0,0,1,0,0,1,0,0,1,0,10235305
60,1,0,0,1,0,0,1,0,0,1,0,12391260
65,1,0,0,1,0,0,1,0,0,1,0,14743673
70,1,0,0,1,0,0,1,0,0,1,0,17300630
75,1,0,0,1,0,0,1,0,0,1,0,20071809
80,1,0,0,1,0,0,1,0,0,1,0,23038497
85,1,0,0,1,0,0,1,0,0,1,0,26213373
90,1,0,0,1,0,0,1,0,0,1,0,29596437
95,1,0,0,1,0,0,1,0,0,1,0,33174498
100,1,0,0,1,0,0,1,0,0,1,0,36967368
105,1,0,0,1,0,0,1,0,0,1,0,40959827
5,1,0,0,1,0,0,1,1,1,0,0,55
10,1,0,0,1,0,0,1,1,1,0,0,102370
15,1,0,0,1,0,0,1,1,1,0,0,409522
20,1,0,0,1,0,0,1,1,1,0,0,921313
25,1,0,0,1,0,0,1,1,1,0,0,1637850
30,1,0,0,1,0,0,1,1,1,0,0,2559834
35,1,0,0,1,0,0,1,1,1,0,0,3685748
40,1,0,0,1,0,0,1,1,1,0,0,5015833
45,1,0,0,1,0,0,1,1,1,0,0,6557639
50,1,0,0,1,0,0,1,1,1,0,0,8296243
55,1,0,0,1,0,0,1,1,1,0,0,10235737
60,1,0,0,1,0,0,1,1,1,0,0,12389167
65,1,0,0,1,0,0,1,1,1,0,0,14749283
70,1,0,0,1,0,0,1,1,1,0,0,17311644
75,1,0,0,1,0,0,1,1,1,0,0,20072323
80,1,0,0,1,0,0,1,1,1,0,0,23041349
85,1,0,0,1,0,0,1,1,1,0,0,26217519
90,1,0,0,1,0,0,1,1,1,0,0,29599335
95,1,0,0,1,0,0,1,1,1,0,0,33175653
100,1,0,0,1,0,0,1,1,1,0,0,36980950
105,1,0,0,1,0,0,1,1,1,0,0,40965715
5,1,0,0,1,0,1,1,0,0,0,0,56
10,1,0,0,1,0,1,1,0,0,0,0,15262
15,1,0,0,1,0,1,1,0,0,0,0,20359
20,1,0,0,1,0,1,1,0,0,0,0,20395
25,1,0,0,1,0,1,1,0,0,0,0,25432
30,1,0,0,1,0,1,1,0,0,0,0,25455
35,1,0,0,1,0,1,1,0,0,0,0,25454
40,1,0,0,1,0,1,1,0,0,0,0,30553
45,1,0,0,1,0,1,1,0,0,0,0,30510
50,1,0,0,1,0,1,1,0,0,0,0,30548
55,1,0,0,1,0,1,1,0,0,0,0,30546
60,1,0,0,1,0,1,1,0,0,0,0,30557
65,1,0,0,1,0,1,1,0,0,0,0,30548
70,1,0,0,1,0,1,1,0,0,0,0,35614
75,1,0,0,1,0,1,1,0,0,0,0,35642
80,1,0,0,1,0,1,1,0,0,0,0,35646
85,1,0,0,1,0,1,1,0,0,0,0,35595
90,1,0,0,1,0,1,1,0,0,0,0,35653
95,1,0,0,1,0,1,1,0,0,0,0,35597
100,1,0,0,1,0,1,1,0,0,0,0,35603
105,1,0,0,1,0,1,1,0,0,0,0,35597
5,1,0,0,1,0,1,1,1,0,1,0,55
10,1,0,0,1,0,1,1,1,0,1,0,15264
15,1,0,0,1,0,1,1,1,0,1,0,20422
20,1,0,0,1,0,1,1,1,0,1,0,20396
25,1,0,0,1,0,1,1,1,0,1,0,25453
30,1,0,0,1,0,1,1,1,0,1,0,25430
35,1,0,0,1,0,1,1,1,0,1,0,25448
40,1,0,0,1,0,1,1,1,0,1,0,30548
45,1,0,0,1,0,1,1,1,0,1,0,30429
50,1,0,0,1,0,1,1,1,0,1,0,30557
55,1,0,0,1,0,1,1,1,0,1,0,30551
60,1,0,0,1,0,1,1,1,0,1,0,30512
65,1,0,0,1,0,1,1,1,0,1,0,30557
70,1,0,0,1,0,1,1,1,0,1,0,35684
75,1,0,0,1,0,1,1,1,0,1,0,35643
80,1,0,0,1,0,1,1,1,0,1,0,35687
85,1,0,0,1,0,1,1,1,0,1,0,35644
90,1,0,0,1,0,1,1,1,0,1,0,35646
95,1,0,0,1,0,1,1,1,0,1,0,35641
100,1,0,0,1,0,1,1,1,0,1,0,35640
105,1,0,0,1,0,1,1,1,0,1,0,35643
5,1,0,0,1,1,0,0,0,1,0,0,56
10,1,0,0,1,1,0,0,0,1,0,0,15262
15,1,0,0,1,1,0,0,0,1,0,0,20316
20,1,0,0,1,1,0,0,0,1,0,0,20343
25,1,0,0,1,1,0,0,0,1,0,0,25454
30,1,0,0,1,1,0,0,0,1,0,0,25458
35,1,0,0,1,1,0,0,0,1,0,0,25453
40,1,0,0,1,1,0,0,0,1,0,0,30544
45,1,0,0,1,1,0,0,0,1,0,0,30599
50,1,0,0,1,1,0,0,0,1,0,0,30575
55,1,0,0,1,1,0,0,0,1,0,0,30555
60,1,0,0,1,1,0,0,0,1,0,0,30517
65,1,0,0,1,1,0,0,0,1,0,0,30552
70,1,0,0,1,1,0,0,0,1,0,0,35645
75,1,0,0,1,1,0,0,0,1,0,0,35652
80,1,0,0,1,1,0,0,0,1,0,0,35644
85,1,0,0,1,1,0,0,0,1,0,0,35649
90,1,0,0,1,1,0,0,0,1,0,0,35641
95,1,0,0,1,1,0,0,0,1,0,0,35640
100,1,0,0,1,1,0,0,0,1,0,0,35664
105,1,0,0,1,1,0,0,0,1,0,0,35656
5,1,0,0,1,1,0,0,1,1,1,0,55
10,1,0,0,1,1,0,0,1,1,1,0,15261
15,1,0,0,1,1,0,0,1,1,1,0,20356
20,1,0,0,1,1,0,0,1,1,1,0,20358
25,1,0,0,1,1,0,0,1,1,1,0,25453
30,1,0,0,1,1,0,0,1,1,1,0,25540
35,1,0,0,1,1,0,0,1,1,1,0,25451
40,1,0,0,1,1,0,0,1,1,1,0,30604
45,1,0,0,1,1,0,0,1,1,1,0,30524
50,1,0,0,1,1,0,0,1,1,1,0,30514
55,1,0,0,1,1,0,0,1,1,1,0,30524
60,1,0,0,1,1,0,0,1,1,1,0,30548
65,1,0,0,1,1,0,0,1,1,1,0,30546
70,1,0,0,1,1,0,0,1,1,1,0,35484
75,1,0,0,1,1,0,0,1,1,1,0,35641
80,1,0,0,1,1,0,0,1,1,1,0,35640
85,1,0,0,1,1,0,0,1,1,1,0,35639
90,1,0,0,1,1,0,0,1,1,1,0,35640
95,1,0,0,1,1,0,0,1,1,1,0,35641
100,1,0,0,1,1,0,0,1,1,1,0,35641
105,1,0,0,1,1,0,0,1,1,1,0,35622
5,1,0,0,1,1,0,1,1,0,0,0,56
10,1,0,0,1,1,0,1,1,0,0,0,15305
15,1,0,0,1,1,0,1,1,0,0,0,20395
20,1,0,0,1,1,0,1,1,0,0,0,20356
25,1,0,0,1,1,0,1,1,0,0,0,25448
30,1,0,0,1,1,0,1,1,0,0,0,25428
35,1,0,0,1,1,0,1,1,0,0,0,25431
40,1,0,0,1,1,0,1,1,0,0,0,30546
45,1,0,0,1,1,0,1,1,0,0,0,30569
50,1,0,0,1,1,0,1,1,0,0,0,30545
55,1,0,0,1,1,0,1,1,0,0,0,30511
60,1,0,0,1,1,0,1,1,0,0,0,30550
65,1,0,0,1,1,0,1,1,0,0,0,30558
70,1,0,0,1,1,0,1,1,0,0,0,35672
75,1,0,0,1,1,0,1,1,0,0,0,35644
80,1,0,0,1,1,0,1,1,0,0,0,35487
85,1,0,0,1,1,0,1,1,0,0,0,35644
90,1,0,0,1,1,0,1,1,0,0,0,35685
95,1,0,0,1,1,0,1,1,0,0,0,35644
100,1,0,0,1,1,0,1,1,0,0,0,35634
105,1,0,0,1,1,0,1,1,0,0,0,35568
5,1,0,0,1,1,1,0,0,0,1,0,56
10,1,0,0,1,1,1,0,0,0,1,0,15300
15,1,0,0,1,1,1,0,0,0,1,0,20356
20,1,0,0,1,1,1,0,0,0,1,0,20355
25,1,0,0,1,1,1,0,0,0,1,0,25465
30,1,0,0,1,1,1,0,0,0,1,0,25456
35,1,0,0,1,1,1,0,0,0,1,0,25452
40,1,0,0,1,1,1,0,0,0,1,0,30518
45,1,0,0,1,1,1,0,0,0,1,0,30557
50,1,0,0,1,1,1,0,0,0,1,0,30586
55,1,0,0,1,1,1,0,0,0,1,0,30554
60,1,0,0,1,1,1,0,0,0,1,0,30548
65,1,0,0,1,1,1,0,0,0,1,0,30491
70,1,0,0,1,1,1,0,0,0,1,0,35613
75,1,0,0,1,1,1,0,0,0,1,0,35642
80,1,0,0,1,1,1,0,0,0,1,0,35600
85,1,0,0,1,1,1,0,0,0,1,0,35644
90,1,0,0,1,1,1,0,0,0,1,0,35643
95,1,0,0,1,1,1,0,0,0,1,0,35643
100,1,0,0,1,1,1,0,0,0,1,0,35638
105,1,0,0,1,1,1,0,0,0,1,0,35599
5,1,0,0,1,1,1,0,1,1,0,0,54
10,1,0,0,1,1,1,0,1,1,0,0,15273
15,1,0,0,1,1,1,0,1,1,0,0,20357
20,1,0,0,1,1,1,0,1,1,0,0,20359
25,1,0,0,1,1,1,0,1,1,0,0,25496
30,1,0,0,1,1,1,0,1,1,0,0,25549
35,1,0,0,1,1,1,0,1,1,0,0,25439
40,1,0,0,1,1,1,0,1,1,0,0,30552
45,1,0,0,1,1,1,0,1,1,0,0,30547
50,1,0,0,1,1,1,0,1,1,0,0,30594
55,1,0,0,1,1,1,0,1,1,0,0,30546
60,1,0,0,1,1,1,0,1,1,0,0,30657
65,1,0,0,1,1,1,0,1,1,0,0,30545
70,1,0,0,1,1,1,0,1,1,0,0,35650
75,1,0,0,1,1,1,0,1,1,0,0,35673
80,1,0,0,1,1,1,0,1,1,0,0,35642
85,1,0,0,1,1,1,0,1,1,0,0,35577
90,1,0,0,1,1,1,0,1,1,0,0,35659
95,1,0,0,1,1,1,0,1,1,0,0,35646
100,1,0,0,1,1,1,0,1,1,0,0,35594
105,1,0,0,1,1,1,0,1,1,0,0,35637
5,1,0,0,1,1,1,1,0,1,1,0,54
10,1,0,0,1,1,1,1,0,1,1,0,15261
15,1,0,0,1,1,1,1,0,1,1,0,20371
20,1,0,0,1,1,1,1,0,1,1,0,20357
25,1,0,0,1,1,1,1,0,1,1,0,25450
30,1,0,0,1,1,1,1,0,1,1,0,25489
35,1,0,0,1,1,1,1,0,1,1,0,25451
40,1,0,0,1,1,1,1,0,1,1,0,30547
45,1,0,0,1,1,1,1,0,1,1,0,30549
50,1,0,0,1,1,1,1,0,1,1,0,30514
55,1,0,0,1,1,1,1,0,1,1,0,30547
60,1,0,0,1,1,1,1,0,1,1,0,30547
65,1,0,0,1,1,1,1,0,1,1,0,30637
70,1,0,0,1,1,1,1,0,1,1,0,35605
75,1,0,0,1,1,1,1,0,1,1,0,35639
80,1,0,0,1,1,1,1,0,1,1,0,35652
85,1,0,0,1,1,1,1,0,1,1,0,35646
90,1,0,0,1,1,1,1,0,1,1,0,35650
95,1,0,0,1,1,1,1,0,1,1,0,35759
100,1,0,0,1,1,1,1,0,1,1,0,35640
105,1,0,0,1,1,1,1,0,1,1,0,35682
5,1,0,1,0,0,0,0,0,0,0,0,56
10,1,0,1,0,0,0,0,0,0,0,0,15261
15,1,0,1,0,0,0,0,0,0,0,0,20393
20,1,0,1,0,0,0,0,0,0,0,0,20433
25,1,0,1,0,0,0,0,0,0,0,0,25428
30,1,0,1,0,0,0,0,0,0,0,0,25452
35,1,0,1,0,0,0,0,0,0,0,0,25451
40,1,0,1,0,0,0,0,0,0,0,0,30617
45,1,0,1,0,0,0,0,0,0,0,0,30516
50,1,0,1,0,0,0,0,0,0,0,0,30548
55,1,0,1,0,0,0,0,0,0,0,0,30548
60,1,0,1,0,0,0,0,0,0,0,0,30565
65,1,0,1,0,0,0,0,0,0,0,0,30551
70,1,0,1,0,0,0,0,0,0,0,0,35601
75,1,0,1,0,0,0,0,0,0,0,0,35645
80,1,0,1,0,0,0,0,0,0,0,0,35684
85,1,0,1,0,0,0,0,0,0,0,0,35633
90,1,0,1,0,0,0,0,0,0,0,0,35643
95,1,0,1,0,0,0,0,0,0,0,0,35637
100,1,0,1,0,0,0,0,0,0,0,0,35600
105,1,0,1,0,0,0,0,0,0,0,0,35687
5,1,0,1,0,0,0,1,0,1,0,0,56
10,1,0,1,0,0,0,1,0,1,0,0,25453
15,1,0,1,0,0,0,1,0,1,0,0,50930
20,1,0,1,0,0,0,1,0,1,0,0,76405
25,1,0,1,0,0,0,1,0,1,0,0,101865
30,1,0,1,0,0,0,1,0,1,0,0,127346
35,1,0,1,0,0,0,1,0,1,0,0,152606
40,1,0,1,0,0,0,1,0,1,0,0,178240
45,1,0,1,0,0,0,1,0,1,0,0,203724
50,1,0,1,0,0,0,1,0,1,0,0,229217
55,1,0,1,0,0,0,1,0,1,0,0,254720
60,1,0,1,0,0,0,1,0,1,0,0,280105
65,1,0,1,0,0,0,1,0,1,0,0,305500
70,1,0,1,0,0,0,1,0,1,0,0,331010
75,1,0,1,0,0,0,1,0,1,0,0,356648
80,1,0,1,0,0,0,1,0,1,0,0,382080
85,1,0,1,0,0,0,1,0,1,0,0,407580
90,1,0,1,0,0,0,1,0,1,0,0,433033
95,1,0,1,0,0,0,1,0,1,0,0,458513
100,1,0,1,0,0,0,1,0,1,0,0,484014
105,1,0,1,0,0,0,1,0,1,0,0,509396
5,1,0,1,0,0,0,1,1,1,1,0,55
10,1,0,1,0,0,0,1,1,1,1,0,25431
15,1,0,1,0,0,0,1,1,1,1,0,50846
20,1,0,1,0,0,0,1,1,1,1,0,76400
25,1,0,1,0,0,0,1,1,1,1,0,101881
30,1,0,1,0,0,0,1,1,1,1,0,127377
35,1,0,1,0,0,0,1,1,1,1,0,152808
40,1,0,1,0,0,0,1,1,1,1,0,178360
45,1,0,1,0,0,0,1,1,1,1,0,203782
50,1,0,1,0,0,0,1,1,1,1,0,229269
55,1,0,1,0,0,0,1,1,1,1,0,254634
60,1,0,1,0,0,0,1,1,1,1,0,280169
65,1,0,1,0,0,0,1,1,1,1,0,305644
70,1,0,1,0,0,0,1,1,1,1,0,328692
75,1,0,1,0,0,0,1,1,1,1,0,355269
80,1,0,1,0,0,0,1,1,1,1,0,380642
85,1,0,1,0,0,0,1,1,1,1,0,406517
90,1,0,1,0,0,0,1,1,1,1,0,431687
95,1,0,1,0,0,0,1,1,1,1,0,457278
100,1,0,1,0,0,0,1,1,1,1,0,482166
105,1,0,1,0,0,0,1,1,1,1,0,508147
5,1,0,1,0,0,1,0,1,0,0,0,56
10,1,0,1,0,0,1,0,1,0,0,0,25532
15,1,0,1,0,0,1,0,1,0,0,0,50902
20,1,0,1,0,0,1,0,1,0,0,0,76351
25,1,0,1,0,0,1,0,1,0,0,0,101704
30,1,0,1,0,0,1,0,1,0,0,0,127280
35,1,0,1,0,0,1,0,1,0,0,0,152391
40,1,0,1,0,0,1,0,1,0,0,0,177882
45,1,0,1,0,0,1,0,1,0,0,0,203121
50,1,0,1,0,0,1,0,1,0,0,0,228681
55,1,0,1,0,0,1,0,1,0,0,0,253965
60,1,0,1,0,0,1,0,1,0,0,0,279371
65,1,0,1,0,0,1,0,1,0,0,0,304824
70,1,0,1,0,0,1,0,1,0,0,0,329815
75,1,0,1,0,0,1,0,1,0,0,0,355225
80,1,0,1,0,0,1,0,1,0,0,0,380745
85,1,0,1,0,0,1,0,1,0,0,0,406137
90,1,0,1,0,0,1,0,1,0,0,0,431497
95,1,0,1,0,0,1,0,1,0,0,0,456183
100,1,0,1,0,0,1,0,1,0,0,0,481978
105,1,0,1,0,0,1,0,1,0,0,0,507396
5,1,0,1,0,0,1,1,0,0,1,0,55
10,1,0,1,0,0,1,1,0,0,1,0,25419
15,1,0,1,0,0,1,1,0,0,1,0,50894
20,1,0,1,0,0,1,1,0,0,1,0,76311
25,1,0,1,0,0,1,1,0,0,1,0,101577
30,1,0,1,0,0,1,1,0,0,1,0,126991
35,1,0,1,0,0,1,1,0,0,1,0,152370
40,1,0,1,0,0,1,1,0,0,1,0,177878
45,1,0,1,0,0,1,1,0,0,1,0,203396
50,1,0,1,0,0,1,1,0,0,1,0,228806
55,1,0,1,0,0,1,1,0,0,1,0,253747
60,1,0,1,0,0,1,1,0,0,1,0,279697
65,1,0,1,0,0,1,1,0,0,1,0,304980
70,1,0,1,0,0,1,1,0,0,1,0,329801
75,1,0,1,0,0,1,1,0,0,1,0,355761
80,1,0,1,0,0,1,1,0,0,1,0,380835
85,1,0,1,0,0,1,1,0,0,1,0,406017
90,1,0,1,0,0,1,1,0,0,1,0,431484
95,1,0,1,0,0,1,1,0,0,1,0,457334
100,1,0,1,0,0,1,1,0,0,1,0,482466
105,1,0,1,0,0,1,1,0,0,1,0,508080
5,1,0,1,0,0,1,1,1,1,0,0,56
10,1,0,1,0,0,1,1,1,1,0,0,25391
15,1,0,1,0,0,1,1,1,1,0,0,50844
20,1,0,1,0,0,1,1,1,1,0,0,76358
25,1,0,1,0,0,1,1,1,1,0,0,101672
30,1,0,1,0,0,1,1,1,1,0,0,127033
35,1,0,1,0,0,1,1,1,1,0,0,152233
40,1,0,1,0,0,1,1,1,1,0,0,177668
45,1,0,1,0,0,1,1,1,1,0,0,203379
50,1,0,1,0,0,1,1,1,1,0,0,228570
55,1,0,1,0,0,1,1,1,1,0,0,254048
60,1,0,1,0,0,1,1,1,1,0,0,279751
65,1,0,1,0,0,1,1,1,1,0,0,304963
70,1,0,1,0,0,1,1,1,1,0,0,329991
75,1,0,1,0,0,1,1,1,1,0,0,356139
80,1,0,1,0,0,1,1,1,1,0,0,381461
85,1,0,1,0,0,1,1,1,1,0,0,407150
90,1,0,1,0,0,1,1,1,1,0,0,432410
95,1,0,1,0,0,1,1,1,1,0,0,458177
100,1,0,1,0,0,1,1,1,1,0,0,483697
105,1,0,1,0,0,1,1,1,1,0,0,508957
5,1,0,1,0,1,0,0,0,1,1,0,55
10,1,0,1,0,1,0,0,0,1,1,0,25428
15,1,0,1,0,1,0,0,0,1,1,0,50923
20,1,0,1,0,1,0,0,0,1,1,0,76412
25,1,0,1,0,1,0,0,0,1,1,0,101824
30,1,0,1,0,1,0,0,0,1,1,0,127334
35,1,0,1,0,1,0,0,0,1,1,0,152382
40,1,0,1,0,1,0,0,0,1,1,0,178122
45,1,0,1,0,1,0,0,0,1,1,0,203490
50,1,0,1,0,1,0,0,0,1,1,0,229261
55,1,0,1,0,1,0,0,0,1,1,0,254371
60,1,0,1,0,1,0,0,0,1,1,0,280119
65,1,0,1,0,1,0,0,0,1,1,0,305711
70,1,0,1,0,1,0,0,0,1,1,0,330436
75,1,0,1,0,1,0,0,0,1,1,0,355787
80,1,0,1,0,1,0,0,0,1,1,0,381617
85,1,0,1,0,1,0,0,0,1,1,0,407356
90,1,0,1,0,1,0,0,0,1,1,0,432616
95,1,0,1,0,1,0,0,0,1,1,0,458123
100,1,0,1,0,1,0,0,0,1,1,0,483554
105,1,0,1,0,1,0,0,0,1,1,0,508969
5,1,0,1,0,1,0,1,0,0,0,0,56
10,1,0,1,0,1,0,1,0,0,0,0,25504
15,1,0,1,0,1,0,1,0,0,0,0,50887
20,1,0,1,0,1,0,1,0,0,0,0,76403
25,1,0,1,0,1,0,1,0,0,0,0,101599
30,1,0,1,0,1,0,1,0,0,0,0,127341
35,1,0,1,0,1,0,1,0,0,0,0,152675
40,1,0,1,0,1,0,1,0,0,0,0,178306
45,1,0,1,0,1,0,1,0,0,0,0,202632
50,1,0,1,0,1,0,1,0,0,0,0,228795
55,1,0,1,0,1,0,1,0,0,0,0,254237
60,1,0,1,0,1,0,1,0,0,0,0,280167
65,1,0,1,0,1,0,1,0,0,0,0,305654
70,1,0,1,0,1,0,1,0,0,0,0,330312
75,1,0,1,0,1,0,1,0,0,0,0,355793
80,1,0,1,0,1,0,1,0,0,0,0,381790
85,1,0,1,0,1,0,1,0,0,0,0,407351
90,1,0,1,0,1,0,1,0,0,0,0,432587
95,1,0,1,0,1,0,1,0,0,0,0,458236
100,1,0,1,0,1,0,1,0,0,0,0,483449
105,1,0,1,0,1,0,1,0,0,0,0,508724
5,1,0,1,0,1,0,1,1,0,1,0,56
10,1,0,1,0,1,0,1,1,0,1,0,25450
15,1,0,1,0,1,0,1,1,0,1,0,50928
20,1,0,1,0,1,0,1,1,0,1,0,76404
25,1,0,1,0,1,0,1,1,0,1,0,101696
30,1,0,1,0,1,0,1,1,0,1,0,127334
35,1,0,1,0,1,0,1,1,0,1,0,152772
40,1,0,1,0,1,0,1,1,0,1,0,178288
45,1,0,1,0,1,0,1,1,0,1,0,203493
50,1,0,1,0,1,0,1,1,0,1,0,228854
55,1,0,1,0,1,0,1,1,0,1,0,254321
60,1,0,1,0,1,0,1,1,0,1,0,280258
65,1,0,1,0,1,0,1,1,0,1,0,305687
70,1,0,1,0,1,0,1,1,0,1,0,330182
75,1,0,1,0,1,0,1,1,0,1,0,356022
80,1,0,1,0,1,0,1,1,0,1,0,381880
85,1,0,1,0,1,0,1,1,0,1,0,407312
90,1,0,1,0,1,0,1,1,0,1,0,432529
95,1,0,1,0,1,0,1,1,0,1,0,458108
100,1,0,1,0,1,0,1,1,0,1,0,483559
105,1,0,1,0,1,0,1,1,0,1,0,508431
5,1,0,1,0,1,1,0,0,1,0,0,65
10,1,0,1,0,1,1,0,0,1,0,0,25496
15,1,0,1,0,1,1,0,0,1,0,0,50896
20,1,0,1,0,1,1,0,0,1,0,0,76391
25,1,0,1,0,1,1,0,0,1,0,0,101725
30,1,0,1,0,1,1,0,0,1,0,0,127360
35,1,0,1,0,1,1,0,0,1,0,0,152637
40,1,0,1,0,1,1,0,0,1,0,0,178296
45,1,0,1,0,1,1,0,0,1,0,0,203449
50,1,0,1,0,1,1,0,0,1,0,0,229225
55,1,0,1,0,1,1,0,0,1,0,0,254447
60,1,0,1,0,1,1,0,0,1,0,0,280181
65,1,0,1,0,1,1,0,0,1,0,0,305669
70,1,0,1,0,1,1,0,0,1,0,0,330251
75,1,0,1,0,1,1,0,0,1,0,0,355692
80,1,0,1,0,1,1,0,0,1,0,0,381551
85,1,0,1,0,1,1,0,0,1,0,0,406505
90,1,0,1,0,1,1,0,0,1,0,0,432156
95,1,0,1,0,1,1,0,0,1,0,0,458208
100,1,0,1,0,1,1,0,0,1,0,0,483685
105,1,0,1,0,1,1,0,0,1,0,0,509250
5,1,0,1,0,1,1,1,1,0,0,0,55
10,1,0,1,0,1,1,1,1,0,0,0,76481
15,1,0,1,0,1,1,1,1,0,0,0,202990
20,1,0,1,0,1,1,1,1,0,0,0,305606
25,1,0,1,0,1,1,1,1,0,0,0,508816
30,1,0,1,0,1,1,1,1,0,0,0,636192
35,1,0,1,0,1,1,1,1,0,0,0,764052
40,1,0,1,0,1,1,1,1,0,0,0,1067326
45,1,0,1,0,1,1,1,1,0,0,0,1221331
50,1,0,1,0,1,1,1,1,0,0,0,1374572
55,1,0,1,0,1,1,1,1,0,0,0,1526810
60,1,0,1,0,1,1,1,1,0,0,0,1680731
65,1,0,1,0,1,1,1,1,0,0,0,1830343
70,1,0,1,0,1,1,1,1,0,0,0,2315934
75,1,0,1,0,1,1,1,1,0,0,0,2495019
80,1,0,1,0,1,1,1,1,0,0,0,2669060
85,1,0,1,0,1,1,1,1,0,0,0,2850755
90,1,0,1,0,1,1,1,1,0,0,0,3027257
95,1,0,1,0,1,1,1,1,0,0,0,3206582
100,1,0,1,0,1,1,1,1,0,0,0,3382337
105,1,0,1,0,1,1,1,1,0,0,0,3564401
5,1,0,1,1,0,0,0,0,0,1,0,57
10,1,0,1,1,0,0,0,0,0,1,0,76375
15,1,0,1,1,0,0,0,0,0,1,0,203662
20,1,0,1,1,0,0,0,0,0,1,0,305638
25,1,0,1,1,0,0,0,0,0,1,0,509464
30,1,0,1,1,0,0,0,0,0,1,0,636486
35,1,0,1,1,0,0,0,0,0,1,0,764260
40,1,0,1,1,0,0,0,0,0,1,0,1069526
45,1,0,1,1,0,0,0,0,0,1,0,1222331
50,1,0,1,1,0,0,0,0,0,1,0,1374974
55,1,0,1,1,0,0,0,0,0,1,0,1527815
60,1,0,1,1,0,0,0,0,0,1,0,1681063
65,1,0,1,1,0,0,0,0,0,1,0,1833973
70,1,0,1,1,0,0,0,0,0,1,0,2317921
75,1,0,1,1,0,0,0,0,0,1,0,2495644
80,1,0,1,1,0,0,0,0,0,1,0,2674300
85,1,0,1,1,0,0,0,0,0,1,0,2852760
90,1,0,1,1,0,0,0,0,0,1,0,3030799
95,1,0,1,1,0,0,0,0,0,1,0,3209365
100,1,0,1,1,0,0,0,0,0,1,0,3386019
105,1,0,1,1,0,0,0,0,0,1,0,3564513
5,1,0,1,1,0,0,0,1,1,0,0,56
10,1,0,1,1,0,0,0,1,1,0,0,76405
15,1,0,1,1,0,0,0,1,1,0,0,203733
20,1,0,1,1,0,0,0,1,1,0,0,305609
25,1,0,1,1,0,0,0,1,1,0,0,509421
30,1,0,1,1,0,0,0,1,1,0,0,636550
35,1,0,1,1,0,0,0,1,1,0,0,764289
40,1,0,1,1,0,0,0,1,1,0,0,1069411
45,1,0,1,1,0,0,0,1,1,0,0,1222627
50,1,0,1,1,0,0,0,1,1,0,0,1375652
55,1,0,1,1,0,0,0,1,1,0,0,1528026
60,1,0,1,1,0,0,0,1,1,0,0,1680854
65,1,0,1,1,0,0,0,1,1,0,0,1834199
70,1,0,1,1,0,0,0,1,1,0,0,2317929
75,1,0,1,1,0,0,0,1,1,0,0,2495682
80,1,0,1,1,0,0,0,1,1,0,0,2674338
85,1,0,1,1,0,0,0,1,1,0,0,2852030
90,1,0,1,1,0,0,0,1,1,0,0,3030770
95,1,0,1,1,0,0,0,1,1,0,0,3209891
100,1,0,1,1,0,0,0,1,1,0,0,3385845
105,1,0,1,1,0,0,0,1,1,0,0,3562854
5,1,0,1,1,0,0,1,0,1,1,0,56
10,1,0,1,1,0,0,1,0,1,1,0,76405
15,1,0,1,1,0,0,1,0,1,1,0,203773
20,1,0,1,1,0,0,1,0,1,1,0,305654
25,1,0,1,1,0,0,1,0,1,1,0,509474
30,1,0,1,1,0,0,1,0,1,1,0,636355
35,1,0,1,1,0,0,1,0,1,1,0,763845
40,1,0,1,1,0,0,1,0,1,1,0,1069363
45,1,0,1,1,0,0,1,0,1,1,0,1223071
50,1,0,1,1,0,0,1,0,1,1,0,1375545
55,1,0,1,1,0,0,1,0,1,1,0,1527977
60,1,0,1,1,0,0,1,0,1,1,0,1680749
65,1,0,1,1,0,0,1,0,1,1,0,1833639
70,1,0,1,1,0,0,1,0,1,1,0,2318364
75,1,0,1,1,0,0,1,0,1,1,0,2495871
80,1,0,1,1,0,0,1,0,1,1,0,2674706
85,1,0,1,1,0,0,1,0,1,1,0,2852548
90,1,0,1,1,0,0,1,0,1,1,0,3031027
95,1,0,1,1,0,0,1,0,1,1,0,3209448
100,1,0,1,1,0,0,1,0,1,1,0,3386721
105,1,0,1,1,0,0,1,0,1,1,0,3564086
5,1,0,1,1,0,1,0,0,0,0,0,55
10,1,0,1,1,0,1,0,0,0,0,0,76306
15,1,0,1,1,0,1,0,0,0,0,0,203786
20,1,0,1,1,0,1,0,0,0,0,0,305634
25,1,0,1,1,0,1,0,0,0,0,0,509522
30,1,0,1,1,0,1,0,0,0,0,0,636333
35,1,0,1,1,0,1,0,0,0,0,0,764276
40,1,0,1,1,0,1,0,0,0,0,0,1069611
45,1,0,1,1,0,1,0,0,0,0,0,1222323
50,1,0,1,1,0,1,0,0,0,0,0,1375623
55,1,0,1,1,0,1,0,0,0,0,0,1527997
60,1,0,1,1,0,1,0,0,0,0,0,1680731
65,1,0,1,1,0,1,0,0,0,0,0,1833919
70,1,0,1,1,0,1,0,0,0,0,0,2317401
75,1,0,1,1,0,1,0,0,0,0,0,2495193
80,1,0,1,1,0,1,0,0,0,0,0,2674402
85,1,0,1,1,0,1,0,0,0,0,0,2852794
90,1,0,1,1,0,1,0,0,0,0,0,3031341
95,1,0,1,1,0,1,0,0,0,0,0,3209287
100,1,0,1,1,0,1,0,0,0,0,0,3385816
105,1,0,1,1,0,1,0,0,0,0,0,3564525
5,1,0,1,1,0,1,0,1,0,1,0,56
10,1,0,1,1,0,1,0,1,0,1,0,76407
15,1,0,1,1,0,1,0,1,0,1,0,203602
20,1,0,1,1,0,1,0,1,0,1,0,305539
25,1,0,1,1,0,1,0,1,0,1,0,509520
30,1,0,1,1,0,1,0,1,0,1,0,636426
35,1,0,1,1,0,1,0,1,0,1,0,764289
40,1,0,1,1,0,1,0,1,0,1,0,1069586
45,1,0,1,1,0,1,0,1,0,1,0,1222628
50,1,0,1,1,0,1,0,1,0,1,0,1376271
55,1,0,1,1,0,1,0,1,0,1,0,1527760
60,1,0,1,1,0,1,0,1,0,1,0,1681063
65,1,0,1,1,0,1,0,1,0,1,0,1834109
70,1,0,1,1,0,1,0,1,0,1,0,2318489
75,1,0,1,1,0,1,0,1,0,1,0,2496037
80,1,0,1,1,0,1,0,1,0,1,0,2674138
85,1,0,1,1,0,1,0,1,0,1,0,2852916
90,1,0,1,1,0,1,0,1,0,1,0,3031331
95,1,0,1,1,0,1,0,1,0,1,0,3209318
100,1,0,1,1,0,1,0,1,0,1,0,3386512
105,1,0,1,1,0,1,0,1,0,1,0,3564152
5,1,0,1,1,0,1,1,0,1,0,0,56
10,1,0,1,1,0,1,1,0,1,0,0,76442
15,1,0,1,1,0,1,1,0,1,0,0,203697
20,1,0,1,1,0,1,1,0,1,0,0,305692
25,1,0,1,1,0,1,1,0,1,0,0,509443
30,1,0,1,1,0,1,1,0,1,0,0,636504
35,1,0,1,1,0,1,1,0,1,0,0,764211
40,1,0,1,1,0,1,1,0,1,0,0,1069700
45,1,0,1,1,0,1,1,0,1,0,0,1222290
50,1,0,1,1,0,1,1,0,1,0,0,1375413
55,1,0,1,1,0,1,1,0,1,0,0,1527977
60,1,0,1,1,0,1,1,0,1,0,0,1680721
65,1,0,1,1,0,1,1,0,1,0,0,1833894
70,1,0,1,1,0,1,1,0,1,0,0,2318597
75,1,0,1,1,0,1,1,0,1,0,0,2495542
80,1,0,1,1,0,1,1,0,1,0,0,2674433
85,1,0,1,1,0,1,1,0,1,0,0,2852365
90,1,0,1,1,0,1,1,0,1,0,0,3030728
95,1,0,1,1,0,1,1,0,1,0,0,3209330
100,1,0,1,1,0,1,1,0,1,0,0,3386989
105,1,0,1,1,0,1,1,0,1,0,0,3565210
5,1,0,1,1,0,1,1,1,1,1,0,69
10,1,0,1,1,0,1,1,1,1,1,0,76409
15,1,0,1,1,0,1,1,1,1,1,0,203841
20,1,0,1,1,0,1,1,1,1,1,0,305631
25,1,0,1,1,0,1,1,1,1,1,0,509482
30,1,0,1,1,0,1,1,1,1,1,0,636047
35,1,0,1,1,0,1,1,1,1,1,0,764280
40,1,0,1,1,0,1,1,1,1,1,0,1069463
45,1,0,1,1,0,1,1,1,1,1,0,1221976
50,1,0,1,1,0,1,1,1,1,1,0,1375691
55,1,0,1,1,0,1,1,1,1,1,0,1528234
60,1,0,1,1,0,1,1,1,1,1,0,1681004
65,1,0,1,1,0,1,1,1,1,1,0,1834303
70,1,0,1,1,0,1,1,1,1,1,0,2317827
75,1,0,1,1,0,1,1,1,1,1,0,2496349
80,1,0,1,1,0,1,1,1,1,1,0,2674801
85,1,0,1,1,0,1,1,1,1,1,0,2853007
90,1,0,1,1,0,1,1,1,1,1,0,3031015
95,1,0,1,1,0,1,1,1,1,1,0,3209383
100,1,0,1,1,0,1,1,1,1,1,0,3385522
105,1,0,1,1,0,1,1,1,1,1,0,3564505
5,1,0,1,1,1,0,0,1,0,0,0,55
10,1,0,1,1,1,0,0,1,0,0,0,76370
15,1,0,1,1,1,0,0,1,0,0,0,203736
20,1,0,1,1,1,0,0,1,0,0,0,305653
25,1,0,1,1,1,0,0,1,0,0,0,509434
30,1,0,1,1,1,0,0,1,0,0,0,636166
35,1,0,1,1,1,0,0,1,0,0,0,764272
40,1,0,1,1,1,0,0,1,0,0,0,1069592
45,1,0,1,1,1,0,0,1,0,0,0,1222555
50,1,0,1,1,1,0,0,1,0,0,0,1375779
55,1,0,1,1,1,0,0,1,0,0,0,1527748
60,1,0,1,1,1,0,0,1,0,0,0,1680845
65,1,0,1,1,1,0,0,1,0,0,0,1834030
70,1,0,1,1,1,0,0,1,0,0,0,2318063
75,1,0,1,1,1,0,0,1,0,0,0,2495860
80,1,0,1,1,1,0,0,1,0,0,0,2674750
85,1,0,1,1,1,0,0,1,0,0,0,2852566
90,1,0,1,1,1,0,0,1,0,0,0,3031008
95,1,0,1,1,1,0,0,1,0,0,0,3209350
100,1,0,1,1,1,0,0,1,0,0,0,3385666
105,1,0,1,1,1,0,0,1,0,0,0,3563785
5,1,0,1,1,1,0,1,1,1,0,0,55
10,1,0,1,1,1,0,1,1,1,0,0,127163
15,1,0,1,1,1,0,1,1,1,0,0,509174
20,1,0,1,1,1,0,1,1,1,0,0,1145581
25,1,0,1,1,1,0,1,1,1,0,0,2037420
30,1,0,1,1,1,0,1,1,1,0,0,3183605
35,1,0,1,1,1,0,1,1,1,0,0,4585134
40,1,0,1,1,1,0,1,1,1,0,0,6239930
45,1,0,1,1,1,0,1,1,1,0,0,8150279
50,1,0,1,1,1,0,1,1,1,0,0,10312463
55,1,0,1,1,1,0,1,1,1,0,0,12735093
60,1,0,1,1,1,0,1,1,1,0,0,15409976
65,1,0,1,1,1,0,1,1,1,0,0,18335757
70,1,0,1,1,1,0,1,1,1,0,0,21526822
75,1,0,1,1,1,0,1,1,1,0,0,24966883
80,1,0,1,1,1,0,1,1,1,0,0,28661048
85,1,0,1,1,1,0,1,1,1,0,0,32613221
90,1,0,1,1,1,0,1,1,1,0,0,36813733
95,1,0,1,1,1,0,1,1,1,0,0,41268986
100,1,0,1,1,1,0,1,1,1,0,0,45980418
105,1,0,1,1,1,0,1,1,1,0,0,50944737
5,1,0,1,1,1,1,0,0,1,1,0,57
10,1,0,1,1,1,1,0,0,1,1,0,127471
15,1,0,1,1,1,1,0,0,1,1,0,509458
20,1,0,1,1,1,1,0,0,1,1,0,1143178
25,1,0,1,1,1,1,0,0,1,1,0,2036652
30,1,0,1,1,1,1,0,0,1,1,0,3183752
35,1,0,1,1,1,1,0,0,1,1,0,4584872
40,1,0,1,1,1,1,0,0,1,1,0,6239667
45,1,0,1,1,1,1,0,0,1,1,0,8150807
50,1,0,1,1,1,1,0,0,1,1,0,10314202
55,1,0,1,1,1,1,0,0,1,1,0,12736150
60,1,0,1,1,1,1,0,0,1,1,0,15409911
65,1,0,1,1,1,1,0,0,1,1,0,18339097
70,1,0,1,1,1,1,0,0,1,1,0,21522516
75,1,0,1,1,1,1,0,0,1,1,0,24961958
80,1,0,1,1,1,1,0,0,1,1,0,28657506
85,1,0,1,1,1,1,0,0,1,1,0,32604989
90,1,0,1,1,1,1,0,0,1,1,0,36811050
95,1,0,1,1,1,1,0,0,1,1,0,41272856
100,1,0,1,1,1,1,0,0,1,1,0,45988389
105,1,0,1,1,1,1,0,0,1,1,0,50949869
5,1,0,1,1,1,1,1,0,0,0,0,55
10,1,0,1,1,1,1,1,0,0,0,0,127316
15,1,0,1,1,1,1,1,0,0,0,0,509532
20,1,0,1,1,1,1,1,0,0,0,0,1146238
25,1,0,1,1,1,1,1,0,0,0,0,2038256
30,1,0,1,1,1,1,1,0,0,0,0,3184272
35,1,0,1,1,1,1,1,0,0,0,0,4585213
40,1,0,1,1,1,1,1,0,0,0,0,6240609
45,1,0,1,1,1,1,1,0,0,0,0,8154179
50,1,0,1,1,1,1,1,0,0,0,0,10314182
55,1,0,1,1,1,1,1,0,0,0,0,12735375
60,1,0,1,1,1,1,1,0,0,0,0,15407867
65,1,0,1,1,1,1,1,0,0,0,0,18339481
70,1,0,1,1,1,1,1,0,0,0,0,21522785
75,1,0,1,1,1,1,1,0,0,0,0,24963326
80,1,0,1,1,1,1,1,0,0,0,0,28657639
85,1,0,1,1,1,1,1,0,0,0,0,32602658
90,1,0,1,1,1,1,1,0,0,0,0,36807244
95,1,0,1,1,1,1,1,0,0,0,0,41262419
100,1,0,1,1,1,1,1,0,0,0,0,45977482
105,1,0,1,1,1,1,1,0,0,0,0,50961600
5,1,0,1,1,1,1,1,1,0,1,0,57
10,1,0,1,1,1,1,1,1,0,1,0,127388
15,1,0,1,1,1,1,1,1,0,1,0,509273
20,1,0,1,1,1,1,1,1,0,1,0,1146331
25,1,0,1,1,1,1,1,1,0,1,0,2036254
30,1,0,1,1,1,1,1,1,0,1,0,3184093
35,1,0,1,1,1,1,1,1,0,1,0,4586162
40,1,0,1,1,1,1,1,1,0,1,0,6241349
45,1,0,1,1,1,1,1,1,0,1,0,8152315
50,1,0,1,1,1,1,1,1,0,1,0,10313744
55,1,0,1,1,1,1,1,1,0,1,0,12733509
60,1,0,1,1,1,1,1,1,0,1,0,15413044
65,1,0,1,1,1,1,1,1,0,1,0,18343800
70,1,0,1,1,1,1,1,1,0,1,0,21523244
75,1,0,1,1,1,1,1,1,0,1,0,24963241
80,1,0,1,1,1,1,1,1,0,1,0,28656822
85,1,0,1,1,1,1,1,1,0,1,0,32607871
90,1,0,1,1,1,1,1,1,0,1,0,36808961
95,1,0,1,1,1,1,1,1,0,1,0,41267450
100,1,0,1,1,1,1,1,1,0,1,0,45980325
105,1,0,1,1,1,1,1,1,0,1,0,50947474
5,1,1,0,0,0,0,0,0,1,0,0,55
10,1,1,0,0,0,0,0,0,1,0,0,127364
15,1,1,0,0,0,0,0,0,1,0,0,509488
20,1,1,0,0,0,0,0,0,1,0,0,1146331
25,1,1,0,0,0,0,0,0,1,0,0,2037553
30,1,1,0,0,0,0,0,0,1,0,0,3184183
35,1,1,0,0,0,0,0,0,1,0,0,4585297
40,1,1,0,0,0,0,0,0,1,0,0,6241096
45,1,1,0,0,0,0,0,0,1,0,0,8151954
50,1,1,0,0,0,0,0,0,1,0,0,10313148
55,1,1,0,0,0,0,0,0,1,0,0,12736123
60,1,1,0,0,0,0,0,0,1,0,0,15409605
65,1,1,0,0,0,0,0,0,1,0,0,18339276
70,1,1,0,0,0,0,0,0,1,0,0,21521402
75,1,1,0,0,0,0,0,0,1,0,0,24950571
80,1,1,0,0,0,0,0,0,1,0,0,28660824
85,1,1,0,0,0,0,0,0,1,0,0,32610075
90,1,1,0,0,0,0,0,0,1,0,0,36811507
95,1,1,0,0,0,0,0,0,1,0,0,41268617
100,1,1,0,0,0,0,0,0,1,0,0,45972861
105,1,1,0,0,0,0,0,0,1,0,0,50949673
5,1,1,0,0,0,0,0,1,1,1,0,56
10,1,1,0,0,0,0,0,1,1,1,0,127341
15,1,1,0,0,0,0,0,1,1,1,0,509536
20,1,1,0,0,0,0,0,1,1,1,0,1146374
25,1,1,0,0,0,0,0,1,1,1,0,2037977
30,1,1,0,0,0,0,0,1,1,1,0,3183769
35,1,1,0,0,0,0,0,1,1,1,0,4582936
40,1,1,0,0,0,0,0,1,1,1,0,6239499
45,1,1,0,0,0,0,0,1,1,1,0,8151159
50,1,1,0,0,0,0,0,1,1,1,0,10313334
55,1,1,0,0,0,0,0,1,1,1,0,12734854
60,1,1,0,0,0,0,0,1,1,1,0,15411279
65,1,1,0,0,0,0,0,1,1,1,0,18340582
70,1,1,0,0,0,0,0,1,1,1,0,21520835
75,1,1,0,0,0,0,0,1,1,1,0,24964645
80,1,1,0,0,0,0,0,1,1,1,0,28653059
85,1,1,0,0,0,0,0,1,1,1,0,32606248
90,1,1,0,0,0,0,0,1,1,1,0,36819491
95,1,1,0,0,0,0,0,1,1,1,0,41268619
100,1,1,0,0,0,0,0,1,1,1,0,45974814
105,1,1,0,0,0,0,0,1,1,1,0,50946700
5,1,1,0,0,0,0,1,1,0,0,0,56
10,1,1,0,0,0,0,1,1,0,0,0,127351
15,1,1,0,0,0,0,1,1,0,0,0,507959
20,1,1,0,0,0,0,1,1,0,0,0,1146439
25,1,1,0,0,0,0,1,1,0,0,0,2037676
30,1,1,0,0,0,0,1,1,0,0,0,3183742
35,1,1,0,0,0,0,1,1,0,0,0,4584634
40,1,1,0,0,0,0,1,1,0,0,0,6241060
45,1,1,0,0,0,0,1,1,0,0,0,8151871
50,1,1,0,0,0,0,1,1,0,0,0,10315200
55,1,1,0,0,0,0,1,1,0,0,0,12734979
60,1,1,0,0,0,0,1,1,0,0,0,15410376
65,1,1,0,0,0,0,1,1,0,0,0,18338949
70,1,1,0,0,0,0,1,1,0,0,0,21523883
75,1,1,0,0,0,0,1,1,0,0,0,24962324
80,1,1,0,0,0,0,1,1,0,0,0,28659323
85,1,1,0,0,0,0,1,1,0,0,0,32604819
90,1,1,0,0,0,0,1,1,0,0,0,36806384
95,1,1,0,0,0,0,1,1,0,0,0,41260776
100,1,1,0,0,0,0,1,1,0,0,0,45972396
105,1,1,0,0,0,0,1,1,0,0,0,50944354
5,1,1,0,0,0,1,0,0,0,1,0,54
10,1,1,0,0,0,1,0,0,0,1,0,127349
15,1,1,0,0,0,1,0,0,0,1,0,509346
20,1,1,0,0,0,1,0,0,0,1,0,1146361
25,1,1,0,0,0,1,0,0,0,1,0,2037720
30,1,1,0,0,0,1,0,0,0,1,0,3183972
35,1,1,0,0,0,1,0,0,0,1,0,4585568
40,1,1,0,0,0,1,0,0,0,1,0,6240897
45,1,1,0,0,0,1,0,0,0,1,0,8150284
50,1,1,0,0,0,1,0,0,0,1,0,10314064
55,1,1,0,0,0,1,0,0,0,1,0,12734664
60,1,1,0,0,0,1,0,0,0,1,0,15411486
65,1,1,0,0,0,1,0,0,0,1,0,18338850
70,1,1,0,0,0,1,0,0,0,1,0,21522831
75,1,1,0,0,0,1,0,0,0,1,0,24962634
80,1,1,0,0,0,1,0,0,0,1,0,28656842
85,1,1,0,0,0,1,0,0,0,1,0,32610218
90,1,1,0,0,0,1,0,0,0,1,0,36821051
95,1,1,0,0,0,1,0,0,0,1,0,41286287
100,1,1,0,0,0,1,0,0,0,1,0,45994447
105,1,1,0,0,0,1,0,0,0,1,0,50968485
5,1,1,0,0,0,1,0,1,1,0,0,56
10,1,1,0,0,0,1,0,1,1,0,0,127350
15,1,1,0,0,0,1,0,1,1,0,0,509463
20,1,1,0,0,0,1,0,1,1,0,0,1146254
25,1,1,0,0,0,1,0,1,1,0,0,2038193
30,1,1,0,0,0,1,0,1,1,0,0,3183993
35,1,1,0,0,0,1,0,1,1,0,0,4587796
40,1,1,0,0,0,1,0,1,1,0,0,6243971
45,1,1,0,0,0,1,0,1,1,0,0,8155511
50,1,1,0,0,0,1,0,1,1,0,0,10317364
55,1,1,0,0,0,1,0,1,1,0,0,12737215
60,1,1,0,0,0,1,0,1,1,0,0,15412973
65,1,1,0,0,0,1,0,1,1,0,0,18341523
70,1,1,0,0,0,1,0,1,1,0,0,21530476
75,1,1,0,0,0,1,0,1,1,0,0,24967370
80,1,1,0,0,0,1,0,1,1,0,0,28661440
85,1,1,0,0,0,1,0,1,1,0,0,32616873
90,1,1,0,0,0,1,0,1,1,0,0,36805151
95,1,1,0,0,0,1,0,1,1,0,0,41269934
100,1,1,0,0,0,1,0,1,1,0,0,45990293
105,1,1,0,0,0,1,0,1,1,0,0,50950674