p0,s0,s1,s2,s3,s4,mean
1,1,0,1,0,0,2502
2,0,0,1,0,0,1315
3,0,0,1,0,1,1075
4,1,0,1,0,0,2240
5,0,1,1,0,1,139
6,0,0,1,1,1,1294
7,0,1,0,0,1,1228
8,0,0,1,0,0,1137
9,1,0,1,1,1,2336
10,1,0,1,1,1,2405
11,0,0,0,0,1,2467
12,1,0,0,1,1,2350
13,1,1,0,0,1,2398
14,1,0,0,1,0,1052
15,1,0,1,0,0,2136
16,0,0,0,1,0,2211
17,0,0,0,1,0,2168
18,1,1,0,0,1,2233
19,0,0,0,0,0,129
20,0,1,1,0,1,140
21,0,1,0,0,1,1059
22,1,0,0,1,0,1071
23,0,0,1,0,0,1161
24,1,1,0,1,0,1116
25,1,0,1,0,1,1107
26,0,0,0,0,1,2283
27,0,0,1,0,0,1243
28,0,0,0,1,1,140
29,0,1,0,0,1,1313
30,0,0,0,0,1,2150
31,0,1,1,1,0,139
32,1,0,1,1,0,2206
33,0,0,0,1,1,108
34,1,0,0,1,1,4634
35,0,0,1,0,0,2123
36,1,1,1,1,1,132
37,0,1,0,1,0,104
38,1,0,1,0,0,4476
39,0,0,0,0,1,4664
40,1,1,1,0,1,140
41,1,1,0,1,0,2106
42,0,1,1,0,1,129
43,0,0,1,0,1,2081
44,1,1,1,1,1,108
45,0,1,1,0,1,127
46,1,1,1,1,0,130
47,0,0,1,1,1,2134
48,1,0,0,1,0,2511
49,0,0,1,1,0,132
50,1,1,1,0,1,113
51,1,0,1,0,1,2433
52,1,0,1,0,1,2333
53,1,0,1,0,1,2378
54,1,0,0,1,1,4801
55,0,0,0,1,1,108
56,0,0,0,1,1,117
57,1,0,1,0,0,4584
58,1,1,1,1,1,139
59,0,0,1,1,1,2533
60,1,1,1,1,1,141
61,0,1,1,1,0,139
62,1,1,1,0,0,4713
63,1,1,0,1,0,2301
64,0,1,1,0,1,131
65,0,1,0,1,1,3295
66,0,0,1,0,0,3611
67,1,1,0,0,0,3379
68,0,1,0,1,0,130
69,1,1,1,0,0,7359
70,0,1,0,1,1,3459
71,1,0,0,1,1,6984
72,0,0,1,1,1,3370
73,1,1,0,0,1,6653
74,1,1,1,0,0,6538
75,0,0,0,0,0,109
76,1,0,1,1,1,7229
77,0,1,0,1,0,139
78,0,0,1,1,0,139
79,0,0,0,1,1,139
80,0,1,0,0,1,3437
81,1,1,1,1,0,130
82,1,1,1,1,0,139
83,1,1,1,0,1,139
84,1,0,0,0,0,108
85,1,0,0,1,0,3159
86,0,0,1,1,0,139
87,0,1,1,0,0,6631
88,0,1,0,0,1,3707
89,1,1,0,1,0,3475
90,0,1,1,0,1,107
91,1,0,0,1,1,6760
92,0,0,1,0,0,3387
93,0,1,0,0,1,3514
94,0,0,1,1,1,3597
95,1,1,1,0,0,7075
96,1,1,1,1,0,129
97,1,0,0,0,1,8773
98,0,0,1,1,1,4750
99,1,1,1,1,0,130
100,0,1,1,0,1,137
101,0,0,1,1,0,139
102,1,1,0,0,0,4544
103,0,0,1,1,0,130
104,1,1,0,1,1,4712
105,0,1,0,1,0,141
106,0,0,0,1,0,9611
107,1,1,0,0,0,4615
108,1,1,1,1,0,130
109,0,0,0,0,0,125
110,0,0,0,1,0,9436
111,1,1,0,0,0,4581
112,1,1,1,1,1,140
113,1,0,1,1,1,9558
114,0,0,0,1,0,9296
115,1,1,0,0,0,4457
116,0,1,0,1,0,139
117,0,0,1,0,1,4933
118,1,1,1,0,0,9535
119,1,1,1,0,0,9494
120,1,0,1,1,1,9545
121,0,0,0,0,0,130
122,0,1,0,0,1,4631
123,1,0,0,1,1,9468
124,1,1,1,0,1,139
125,0,1,0,1,0,139
126,1,0,0,0,0,139
127,1,0,1,1,0,9619
128,1,0,0,1,0,4745
129,1,0,1,1,1,11886
130,1,1,1,0,1,139
131,1,0,1,1,0,11813
132,0,0,1,1,1,5866
133,1,1,1,1,0,139
134,1,1,0,0,1,11806
135,1,1,1,0,1,139
136,1,0,0,1,0,5795
137,1,0,0,0,0,130
138,0,1,0,1,0,114
139,1,0,0,0,0,108
140,0,1,0,0,0,5964
141,0,0,0,0,0,139
142,0,1,0,0,0,5860
143,1,1,1,0,0,11574
144,1,1,0,1,1,6121
145,1,0,0,0,0,140
146,1,0,0,1,0,5964
147,0,0,1,0,1,5867
148,1,1,0,1,0,5742
149,0,0,1,1,0,129
150,0,0,1,1,0,130
151,0,1,1,0,0,11779
152,0,1,0,0,1,5904
153,1,1,1,0,0,11760
154,1,1,1,0,1,109
155,1,1,0,0,0,6175
156,0,1,0,1,0,139
157,1,0,1,0,1,5701
158,1,0,1,1,1,11679
159,0,1,0,1,1,5604
160,0,1,0,0,0,5507
161,1,1,0,1,1,6912
162,1,0,0,0,1,14178
163,1,0,0,1,1,13975
164,1,0,0,1,0,7236
165,1,0,0,0,0,139
166,1,0,0,1,1,14426
167,0,0,0,0,1,14460
168,1,1,0,1,1,6905
169,1,1,1,0,1,130
170,0,1,1,1,1,14170
171,1,0,1,1,1,14429
172,1,0,1,0,0,13903
173,1,0,0,1,0,7006
174,0,1,1,1,0,129
175,1,1,1,1,1,130
176,0,1,0,1,0,105
177,0,0,0,0,1,14145
178,1,1,0,1,0,6788
179,0,1,1,1,1,14392
180,1,0,1,1,1,14428
181,1,0,0,0,0,139
182,1,0,0,1,1,14068
183,0,0,0,1,0,14266
184,0,1,0,0,0,6971
185,0,0,0,1,0,13792
186,1,1,0,1,1,7110
187,1,0,0,0,0,139
188,0,0,1,1,1,7057
189,0,0,1,0,0,7008
190,1,0,0,1,1,14187
191,1,0,0,0,1,14309
192,1,1,0,1,1,7164
193,0,0,1,0,1,8046
194,1,1,1,1,0,139
195,0,1,1,0,1,139
196,0,1,1,1,1,16972
197,1,0,1,0,1,8347
198,0,0,1,0,0,8153
199,1,1,0,0,1,17103
200,1,0,0,0,0,139
201,0,0,0,1,1,138
202,1,0,1,1,1,16318
203,0,0,1,0,1,8480
204,1,1,1,0,0,15727
205,1,0,1,1,1,16369
206,1,0,0,0,1,16722
207,1,0,0,1,0,7819
208,1,0,1,1,1,16264
209,1,1,1,1,1,117
210,0,0,0,1,0,16448
211,0,1,0,0,0,7906
212,0,1,0,1,1,8567
213,0,1,0,0,1,8787
214,0,0,1,1,1,8118
215,1,1,0,0,0,8446
216,0,0,0,0,0,105
217,1,1,0,0,0,7681
218,0,1,1,1,0,133
219,0,1,1,0,0,16080
220,1,1,1,1,0,107
221,1,0,0,0,1,16546
222,0,0,1,0,1,7966
223,1,0,0,1,0,8043
224,0,1,1,1,1,17662
225,0,0,1,0,0,9005
226,1,1,0,1,0,8802
227,0,0,0,0,0,129
228,0,1,0,1,1,9426
229,1,1,0,1,1,9066
230,1,1,0,1,1,10062
231,0,0,0,0,1,17004
232,0,1,1,1,1,18408
233,1,1,0,0,1,17821
234,1,0,1,1,1,18261
235,0,1,0,1,0,131
236,1,1,0,0,1,18697
237,1,1,1,0,1,139
238,1,0,0,0,1,18270
239,0,1,0,1,1,8958
240,0,1,1,0,0,18480
241,1,0,0,0,0,104
242,1,1,1,0,0,18490
243,0,0,0,1,1,139
244,1,1,0,0,0,9387
245,1,0,1,1,1,18956
246,1,0,1,0,1,9643
247,1,1,1,1,0,139
248,1,1,1,0,1,139
249,1,0,1,0,0,18453
250,0,0,0,0,0,112
251,0,1,1,0,0,19414
252,0,0,1,1,0,139
253,1,1,0,0,0,9719
254,0,0,1,0,1,9249
255,1,1,1,1,0,115
256,0,0,0,1,1,139
257,1,1,0,1,0,10564
258,1,1,0,1,1,10455
259,0,0,0,0,0,139
260,0,0,1,0,0,10035
261,0,0,0,1,1,139
262,1,0,0,0,1,21324
263,0,0,1,0,0,11168
264,1,0,1,0,0,20941
265,1,1,0,0,0,10072
266,1,0,0,1,0,10382
267,0,0,1,0,1,10609
268,1,1,1,0,1,107
269,0,1,1,0,1,139
270,1,0,1,1,0,21981
271,0,0,0,0,1,21150
272,0,1,0,1,1,10134
273,0,0,1,1,0,111
274,1,0,0,1,0,9901
275,0,0,0,1,1,139
276,0,0,0,1,1,139
277,0,1,0,1,1,10831
278,1,0,1,1,1,21921
279,0,0,1,1,1,10556
280,1,0,1,1,0,21570
281,0,0,1,0,1,10293
282,0,0,1,1,0,141
283,1,1,1,0,1,139
284,0,1,1,0,1,139
285,1,0,0,1,1,22091
286,1,1,1,1,1,139
287,0,1,0,0,0,10565
288,1,0,0,1,1,21851
289,1,1,0,0,1,24548
290,1,0,0,1,0,12259
291,1,1,1,1,1,130
292,0,1,1,1,0,139
293,0,0,1,0,1,12191
294,1,0,0,1,0,11702
295,1,0,0,1,1,24472
296,1,0,0,0,0,139
297,1,1,1,1,0,139
298,1,0,1,0,0,25161
299,0,1,0,0,1,12363
300,0,0,0,0,1,24248
301,1,0,1,0,1,11632
302,1,1,0,1,1,11669
303,1,0,1,1,1,23803
304,0,1,0,1,1,11399
305,0,1,1,0,0,23533
306,1,1,0,1,0,11793
307,1,1,1,0,1,106
308,1,0,1,1,0,24594
309,0,0,0,0,1,24246
310,0,1,0,1,0,139
311,1,1,0,0,1,24610
312,0,1,1,1,0,139
313,1,0,1,1,1,22893
314,1,1,1,1,1,131
315,0,0,1,0,0,11706
316,0,1,1,0,0,22135
317,1,1,0,1,1,11143
318,1,0,0,0,1,22275
319,0,0,0,1,0,23601
320,0,1,0,1,0,136
321,1,0,1,0,0,25301
322,1,0,0,0,0,111
323,0,0,0,0,0,139
324,1,1,0,0,0,12754
325,1,0,1,1,0,25469
326,0,1,1,0,1,139
327,1,0,1,1,1,25852
328,1,0,0,0,1,25412
329,0,0,0,0,0,128
330,0,0,0,1,1,140
331,0,0,0,0,0,139
332,0,1,0,0,1,13079
333,1,0,0,0,1,26214
334,1,1,0,0,1,25669
335,0,1,0,0,0,12277
336,1,1,0,1,1,12722
337,1,1,1,1,1,130
338,1,0,0,1,0,12917
339,1,1,0,0,0,12729
340,1,0,1,0,1,12452
341,1,0,1,0,1,12619
342,0,1,0,0,1,12708
343,0,0,0,0,1,25015
344,0,0,0,1,0,25504
345,1,1,1,0,1,139
346,0,1,1,0,0,25866
347,1,1,1,0,0,26041
348,0,1,0,1,1,12943
349,0,0,0,0,1,27074
350,1,1,1,0,1,139
351,1,1,0,0,1,27084
352,1,1,0,0,1,26707
353,0,0,1,1,0,137
354,1,1,0,0,1,29250
355,1,0,1,0,1,14589
356,0,0,1,0,1,14874
357,0,1,0,1,1,14825
358,1,1,0,1,0,13931
359,1,1,0,0,1,29282
360,1,0,1,0,1,14847
361,0,0,1,0,0,13899
362,0,1,0,0,0,14809
363,1,0,0,0,0,139
364,0,0,1,0,0,15173
365,1,0,0,1,1,29734
366,1,0,0,1,0,14429
367,1,1,1,0,1,139
368,0,0,0,0,0,138
369,1,0,0,0,1,29370
370,0,0,0,1,1,136
371,1,0,1,0,1,14591
372,0,1,0,1,0,139
373,0,1,0,1,0,139
374,1,0,0,1,0,14574
375,0,1,0,1,0,139
376,0,0,0,1,0,29450
377,1,1,1,1,0,139
378,0,0,0,0,1,29843
379,0,1,0,1,1,14502
380,1,0,0,1,0,14992
381,1,1,0,1,1,14643
382,0,1,0,1,0,140
383,1,1,0,1,0,14270
384,0,1,0,1,0,139
385,1,0,1,1,0,31945
386,1,1,0,1,0,15901
387,1,0,0,1,1,31753
388,1,1,1,1,1,139
389,0,0,0,0,1,32297
390,1,1,1,0,0,31607
391,0,0,1,0,0,15582
392,1,1,1,0,1,139
393,1,1,1,1,0,137
394,0,1,0,0,1,16250
395,1,0,1,0,1,15921
396,1,1,0,0,1,32147
397,0,0,0,1,1,139
398,1,1,0,0,0,15544
399,0,1,1,1,1,31812
400,0,1,0,0,1,15625
401,1,0,1,0,0,31760
402,1,1,1,0,0,32205
403,1,0,1,1,1,31708
404,0,0,0,1,0,31761
405,0,1,1,1,1,31869
406,1,1,0,0,0,15109
407,1,0,1,0,1,15540
408,0,1,1,1,0,140
409,0,0,0,0,0,138
410,1,0,1,1,1,32148
411,0,0,0,0,1,30278
412,0,0,1,1,0,139
413,0,0,0,0,0,137
414,1,1,1,1,0,139
415,1,1,0,0,0,16084
416,1,1,0,0,1,31439
417,1,1,1,1,0,139
418,0,1,0,0,1,16780
419,1,1,1,1,0,139
420,1,1,0,0,0,17128
421,1,1,1,0,1,139
422,0,1,0,0,1,16848
423,0,0,0,1,0,33780
424,0,0,0,1,1,139
425,0,0,1,1,0,139
426,1,1,1,1,0,114
427,1,1,0,0,1,32063
428,1,0,1,0,1,16031
429,0,1,1,1,1,33229
430,1,1,1,1,0,130
431,0,0,1,0,1,16513
432,0,0,0,1,0,32913
433,0,0,0,1,0,33344
434,0,1,1,1,0,116
435,0,1,0,1,0,142
436,1,0,1,1,0,31395
437,1,1,1,1,0,140
438,0,0,1,1,0,139
439,1,0,1,1,0,33044
440,0,0,1,0,0,16937
441,0,1,0,1,1,16562
442,1,0,0,0,0,139
443,1,0,1,0,1,16702
444,0,0,0,0,1,33108
445,1,0,0,0,1,32573
446,1,0,1,0,1,16632
447,0,1,0,1,0,139
448,0,0,0,1,1,125
449,0,1,0,0,1,17569
450,0,0,0,1,1,139
451,0,1,0,1,1,18057
452,0,0,0,1,0,34706
453,0,1,1,1,0,139
454,1,0,1,0,1,17158
455,0,0,1,1,0,129
456,0,0,1,0,0,17403
457,1,0,0,0,0,116
458,0,0,0,0,0,121
459,1,1,0,1,0,18031
460,0,1,0,1,0,130
461,1,1,0,1,0,17428
462,0,1,0,1,0,116
463,0,0,0,0,0,139
464,1,1,0,1,0,17721
465,0,1,0,0,0,17710
466,0,1,0,0,0,17648
467,0,0,0,1,0,36001
468,1,1,1,1,1,139
469,1,1,0,0,1,34298
470,0,1,1,0,0,35075
471,0,1,1,0,0,33571
472,1,0,0,0,0,109
473,1,0,1,0,1,17327
474,0,1,1,0,1,131
475,0,0,0,0,1,34277
476,0,1,1,0,1,127
477,1,0,1,1,1,35029
478,0,0,1,1,1,16483
479,1,0,0,1,1,35898
480,1,1,1,1,1,139
481,1,1,0,0,1,36878
482,1,0,1,1,1,36980
483,1,1,0,0,0,18325
484,1,0,1,0,1,18144
485,0,0,0,0,1,39577
486,0,0,1,0,0,18203
487,1,0,1,0,1,18986
488,1,0,0,0,0,123
489,1,0,1,1,0,38465
490,0,1,1,1,1,38110
491,0,0,0,1,0,37155
492,1,1,0,0,0,18927
493,1,0,1,0,1,18292
494,1,1,1,0,0,37410
495,1,1,1,1,1,139
496,0,0,1,1,0,139
497,1,0,1,1,1,36111
498,1,0,1,0,0,35731
499,0,1,0,1,1,18069
500,0,1,0,0,0,17816
501,0,0,0,0,0,139
502,0,0,0,0,0,139
503,0,1,1,1,1,39165
504,0,1,0,1,1,19883
505,0,1,1,1,0,136
506,1,1,1,1,1,139
507,0,0,0,1,1,125
508,1,1,1,1,1,139
509,1,0,0,1,0,19517
510,0,0,1,0,1,19622
511,0,1,1,1,0,139
512,1,0,0,0,0,139
513,0,0,1,1,0,138
514,1,0,0,1,1,41801
515,1,1,1,1,0,139
516,1,0,1,1,1,40284
517,0,0,0,1,0,40209
518,0,0,0,0,0,138
519,0,0,1,1,1,19207
520,0,0,1,1,0,133
521,0,1,0,0,1,18717
522,0,0,1,0,1,19963
523,0,0,0,0,0,120
524,0,0,1,0,1,20296
525,0,0,0,1,0,39495
526,1,0,0,0,1,40248
527,1,1,1,0,1,139
528,1,1,0,1,1,20335
529,0,1,1,0,0,41201
530,0,1,1,1,0,139
531,1,1,1,1,0,140
532,1,1,0,0,1,38960
533,1,0,0,1,1,38743
534,0,1,1,1,0,139
535,0,0,1,1,0,139
536,1,1,1,1,1,139
537,0,0,1,0,1,20841
538,0,1,0,0,1,20034
539,0,1,1,1,0,140
540,1,0,0,1,0,19427
541,1,1,1,1,0,109
542,1,0,0,1,0,20238
543,1,1,1,0,0,40917
544,1,0,1,0,0,40487
545,0,1,1,0,1,139
546,0,1,0,1,1,21718
547,1,1,0,1,0,21085
548,1,0,0,0,1,43621
549,0,0,1,0,1,20479
550,0,1,1,1,0,130
551,0,1,1,0,0,42594
552,0,1,1,1,0,137
553,1,1,1,1,1,139
554,1,0,0,0,0,137
555,1,1,1,1,1,140
556,0,1,0,0,0,21261
557,1,0,1,0,1,20522
558,0,0,0,0,0,139
559,1,0,0,0,0,139
560,0,1,1,0,0,42269
561,0,1,1,1,0,139
562,0,1,1,1,0,139
563,0,0,1,1,0,139
564,1,1,1,0,0,42218
565,1,1,0,1,1,21686
566,0,0,1,1,1,21515
567,1,1,1,1,1,109
568,1,0,1,1,1,40159
569,1,0,0,0,0,109
570,0,1,1,0,0,41865
571,1,1,0,0,1,41501
572,0,0,1,0,1,20779
573,1,1,0,0,0,21080
574,1,0,0,1,0,19991
575,0,0,1,0,1,20907
576,1,1,0,1,0,21502
577,0,0,0,1,0,45384
578,0,1,1,1,0,140
579,1,1,0,1,0,22946
580,0,1,1,0,1,139
581,1,0,1,1,0,45322
582,1,1,1,0,0,43617
583,1,0,0,1,1,43960
584,1,0,1,1,1,44956
585,1,0,1,0,0,44492
586,1,0,0,0,0,141
587,1,1,0,0,0,22612
588,0,0,0,0,0,140
589,0,1,0,1,0,139
590,0,1,0,0,1,22582
591,1,0,1,1,1,45067
592,0,0,0,0,0,139
593,0,1,0,1,1,22551
594,0,0,0,1,1,139
595,1,1,1,0,1,139
596,1,1,0,0,0,21927
597,0,1,1,1,0,135
598,1,1,0,0,0,21085
599,1,0,0,1,1,43345
600,0,0,0,0,1,42961
601,1,0,1,1,1,44025
602,1,1,0,1,1,22523
603,0,0,1,1,1,22678
604,0,0,0,1,1,130
605,0,0,0,0,0,139
606,1,0,0,0,1,45369
607,1,1,0,1,1,21322
608,0,1,0,1,0,104
609,0,1,1,1,1,46541
610,0,1,1,0,0,46083
611,0,1,1,1,0,139
612,0,1,1,0,1,139
613,1,0,0,1,1,46349
614,0,0,1,1,1,23100
615,1,1,1,1,0,139
616,0,1,0,1,1,23191
617,1,0,1,0,0,47341
618,1,1,1,0,0,45567
619,0,0,1,0,1,23248
620,0,0,0,1,0,45288
621,0,1,0,1,1,23453
622,1,0,0,1,1,46083
623,0,1,1,0,1,130
624,1,0,0,0,1,46602
625,0,1,0,0,1,22581
626,1,0,0,1,1,45090
627,0,0,0,0,1,46423
628,1,0,0,1,0,23885
629,0,0,0,1,1,137
630,1,0,0,1,1,44660
631,0,0,1,1,0,130
632,1,0,0,0,0,140
633,1,1,1,1,0,139
634,0,0,0,0,0,132
635,1,0,0,0,0,122
636,1,1,0,0,0,22913
637,0,0,1,1,1,21851
638,1,0,1,0,1,21695
639,1,1,0,1,1,23804
640,0,0,0,0,0,130
641,0,1,0,1,1,24920
642,1,0,0,0,1,49855
643,0,0,0,1,0,50336
644,1,0,0,1,1,50032
645,0,0,1,1,0,104
646,0,1,1,1,0,129
647,0,0,1,1,1,25273
648,0,0,0,1,1,130
649,1,1,0,0,1,50071
650,1,0,0,0,1,49936
651,0,0,1,1,0,140
652,1,0,1,1,1,50663
653,1,1,0,1,1,25399
654,0,1,1,1,1,50353
655,1,0,0,1,1,50765
656,0,1,1,0,0,50435
657,1,0,1,0,0,52121
658,0,1,1,0,1,139
659,1,0,0,0,1,50949
660,0,1,1,1,1,51119
661,0,1,1,0,1,140
662,0,1,0,0,0,26076
663,0,0,0,0,0,139
664,0,0,1,1,0,140
665,0,0,0,0,0,139
666,0,0,1,0,0,25600
667,0,1,1,1,0,139
668,1,1,1,1,0,140
669,0,0,1,1,1,25901
670,0,1,0,1,1,25456
671,1,1,1,1,1,139
672,0,1,0,0,0,24548
673,0,1,1,0,0,54001
674,0,0,0,0,0,138
675,0,1,0,1,0,144
676,1,1,1,0,1,139
677,1,1,0,0,1,54487
678,0,0,0,0,0,139
679,1,0,1,1,1,54094
680,0,0,0,0,0,139
681,1,1,0,1,0,26344
682,1,0,1,0,1,26404
683,0,0,1,0,1,26631
684,1,1,1,0,1,139
685,1,0,1,0,0,54135
686,0,0,0,1,0,53724
687,1,1,0,1,1,26831
688,1,1,0,0,1,54086
689,1,0,0,1,0,26895
690,0,0,1,0,0,26075
691,0,1,1,1,1,53566
692,0,0,0,0,1,54077
693,1,0,0,0,1,54051
694,0,0,1,1,1,26735
695,1,1,0,1,1,26803
696,1,1,0,0,1,52479
697,1,0,0,0,0,140
698,1,1,0,1,1,26689
699,0,0,1,1,0,136
700,0,1,1,0,1,139
701,0,1,0,1,1,26805
702,1,1,0,1,1,26821
703,1,0,0,0,1,53975
704,1,0,0,0,1,53856
705,1,1,0,1,1,27408
706,0,1,0,1,0,137
707,0,0,0,1,0,55842
708,1,0,1,0,1,27705
709,1,1,0,0,0,27690
710,0,1,1,1,1,55968
711,1,0,0,0,1,56068
712,0,1,0,1,1,27527
713,1,1,0,1,1,28334
714,0,0,0,1,0,55699
715,0,1,1,1,1,56311
716,1,1,0,1,0,27123
717,1,1,1,1,0,129
718,0,1,0,1,1,27071
719,0,1,0,1,0,139
720,1,0,0,0,1,55701
721,0,0,0,0,1,56403
722,1,0,0,1,1,55863
723,1,0,1,0,1,28192
724,1,1,0,1,0,28702
725,1,0,1,1,1,56197
726,1,0,0,1,0,27997
727,0,0,0,1,0,56319
728,1,1,1,0,1,139
729,0,1,0,0,0,27766
730,1,0,1,1,0,57150
731,1,1,1,1,0,139
732,1,0,0,0,0,141
733,1,0,0,1,0,27721
734,1,1,1,0,0,55461
735,1,0,0,1,1,57106
736,0,1,0,1,0,128
737,0,1,1,0,0,58828
738,0,1,1,1,1,58931
739,1,0,1,1,0,59019
740,1,1,1,0,1,139
741,1,0,1,1,1,59117
742,0,0,0,1,1,139
743,0,1,0,0,0,29249
744,1,1,1,1,1,140
745,1,1,1,0,0,59033
746,1,1,0,0,1,58816
747,0,1,0,1,0,140
748,1,0,1,1,1,57164
749,1,1,0,1,0,28988
750,0,0,1,0,0,29469
751,1,1,0,0,1,57905
752,1,0,1,1,0,58495
753,1,1,1,0,1,139
754,0,0,0,1,1,139
755,1,1,1,1,0,139
756,0,0,0,0,1,58797
757,1,1,0,0,1,57938
758,1,0,1,1,1,58717
759,1,0,0,1,0,29008
760,1,1,0,1,0,29213
761,0,1,0,1,1,29052
762,0,0,1,1,1,29037
763,1,1,0,1,1,29690
764,0,0,0,1,1,139
765,1,1,0,0,0,29632
766,0,1,1,1,0,139
767,0,1,1,0,0,58891
768,0,0,1,0,1,29074
769,1,0,1,1,0,60711
770,0,0,0,1,0,61593
771,0,1,1,1,1,61116
772,1,0,0,0,0,138
773,0,1,1,0,1,136
774,0,1,1,0,1,141
775,1,1,1,0,1,139
776,0,1,0,0,0,31431
777,1,1,1,0,1,139
778,0,1,0,0,1,30575
779,0,1,0,1,0,139
780,1,0,0,1,1,62202
781,1,1,1,1,1,132
782,0,0,0,1,1,139
783,0,0,1,0,1,30534
784,1,1,0,0,1,61308
785,1,0,0,0,1,59520
786,1,0,1,0,0,60192
787,1,0,0,1,0,30261
788,0,0,0,0,0,140
789,1,1,1,0,1,139
790,0,1,0,0,0,31185
791,1,0,0,1,0,30312
792,0,1,0,1,1,30390
793,1,0,1,0,1,30563
794,0,1,0,0,1,30264
795,0,0,0,1,0,60742
796,1,0,1,1,0,60741
797,0,1,0,1,1,30156
798,0,1,0,0,0,29694
799,0,0,0,1,1,139
800,0,1,0,0,1,30574
801,1,1,0,0,1,64158
802,0,1,1,1,0,139
803,1,1,0,0,1,64099
804,0,1,1,1,0,139
805,1,0,0,1,0,31569
806,0,0,0,0,0,142
807,1,1,1,1,0,139
808,1,1,0,1,0,31684
809,1,1,1,0,0,62967
810,1,1,1,0,1,139
811,0,1,0,1,1,32281
812,0,0,1,1,0,141
813,0,1,0,0,0,31717
814,0,0,1,0,1,32130
815,1,0,1,0,0,63012
816,1,0,0,0,1,64095
817,0,0,1,0,0,31356
818,0,1,0,0,0,30886
819,1,0,0,0,1,63921
820,1,0,0,0,0,139
821,1,1,1,0,1,140
822,0,1,1,1,1,64777
823,0,1,1,1,0,139
824,1,1,0,0,1,63697
825,0,0,0,0,1,63560
826,0,1,0,1,0,139
827,1,1,1,0,0,64065
828,0,1,1,0,0,64602
829,0,0,0,1,1,139
830,0,0,0,1,0,63261
831,0,0,1,0,1,31642
832,1,1,1,1,0,139
833,0,0,1,0,0,32021
834,0,0,0,0,0,138
835,0,0,0,0,0,139
836,1,0,1,1,0,65750
837,0,0,0,1,1,136
838,0,0,0,0,0,139
839,1,1,1,1,0,139
840,0,0,0,1,0,66849
841,1,1,1,1,1,137
842,1,0,1,0,1,32886
843,1,1,0,0,0,32291
844,0,0,0,1,0,66402
845,1,0,0,0,1,65930
846,1,0,0,1,0,32337
847,1,0,0,0,0,140
848,0,1,0,1,0,139
849,1,0,1,0,0,66924
850,0,1,0,1,1,32352
851,1,0,0,1,0,32495
852,1,1,1,1,1,139
853,0,1,0,0,1,33377
854,1,0,1,1,1,65185
855,0,1,1,0,1,105
856,1,0,0,1,0,32666
857,1,0,0,1,0,33053
858,0,0,1,1,1,32294
859,0,0,0,0,0,138
860,1,0,1,1,1,66900
861,0,1,0,1,1,32755
862,0,1,0,1,1,33015
863,0,1,1,0,0,65453
864,1,0,1,1,0,66264
865,0,0,0,1,1,136
866,0,1,0,1,1,34554
867,0,0,1,1,0,137
868,0,1,1,1,1,69781
869,1,0,1,0,1,33498
870,1,0,0,0,1,67944
871,0,0,1,0,1,33529
872,1,1,1,0,0,67938
873,0,1,0,1,0,139
874,0,1,0,1,1,34627
875,0,0,0,1,0,67841
876,1,1,1,0,0,67566
877,0,1,1,0,0,68870
878,1,1,0,0,1,68804
879,0,1,0,0,1,33550
880,1,1,1,0,0,68569
881,0,0,0,1,0,68807
882,1,0,1,1,1,68682
883,0,1,1,0,0,67954
884,0,1,0,0,0,33584
885,1,0,0,0,0,120
886,0,0,0,1,0,68758
887,0,1,0,0,1,34186
888,0,0,0,0,1,69106
889,0,0,1,1,0,140
890,0,0,0,1,0,68251
891,0,1,1,0,1,142
892,0,1,0,1,0,139
893,1,0,1,1,1,68190
894,0,0,1,0,0,32985
895,0,0,0,0,0,140
896,0,0,1,1,0,139
897,1,0,1,1,1,70400
898,1,1,0,1,1,35397
899,0,1,0,0,0,35645
900,1,0,0,0,1,71203
901,0,1,0,0,1,34235
902,0,1,0,0,1,35242
903,1,1,0,0,1,70225
904,0,1,1,0,1,139
905,1,0,1,0,1,35241
906,1,1,1,0,0,70089
907,1,0,0,0,1,72066
908,0,0,0,1,1,137
909,1,1,0,1,0,34941
910,0,0,1,1,1,35791
911,1,1,0,1,1,35047
912,1,1,1,1,1,139
913,1,0,1,1,0,71213
914,0,1,1,1,1,70292
915,1,0,0,0,0,139
916,1,0,1,1,1,71168
917,0,0,1,0,0,35769
918,1,1,0,0,1,70684
919,1,0,0,1,0,34268
920,0,0,1,0,1,35358
921,1,1,1,1,1,139
922,1,0,0,0,0,140
923,0,0,0,1,1,139
924,1,0,1,1,1,71706
925,0,0,0,1,0,70692
926,0,1,0,0,0,34971
927,1,0,0,1,0,34614
928,1,0,0,0,0,140
929,0,1,0,0,0,35708
930,1,0,1,0,1,36274
931,0,1,0,1,0,139
932,0,0,1,0,0,36389
933,0,0,0,1,0,74208
934,1,1,1,1,1,139
935,1,0,0,1,0,36229
936,0,0,0,0,0,139
937,0,1,1,0,1,139
938,1,1,0,1,1,37314
939,0,0,0,0,0,139
940,1,1,1,1,0,114
941,1,1,0,0,1,72681
942,0,0,0,1,0,73310
943,1,1,0,0,0,37313
944,1,0,0,0,1,73430
945,1,0,1,1,1,73793
946,0,1,1,0,0,73329
947,1,1,1,1,0,139
948,0,1,1,1,1,73162
949,1,1,0,1,0,36701
950,1,0,1,1,0,73561
951,0,0,0,1,1,139
952,1,1,1,1,0,139
953,1,0,1,1,0,72897
954,1,1,1,0,1,139
955,0,0,1,0,0,36752
956,0,1,1,1,1,73101
957,1,0,1,0,0,73821
958,0,1,1,0,0,72643
959,0,1,1,1,0,140
960,0,1,0,0,1,36615
961,0,1,0,1,1,37476
962,0,1,1,0,0,75669
963,0,1,0,1,1,38345
964,0,0,0,1,0,75966
965,1,0,1,0,1,37855
966,0,0,0,0,1,75789
967,0,1,1,1,0,139
968,1,1,1,1,0,139
969,1,0,0,0,1,76173
970,1,0,0,1,1,75804
971,1,1,1,1,0,139
972,0,0,1,1,1,38249
973,0,1,1,0,0,75890
974,1,0,0,1,0,37863
975,0,0,1,1,1,36748
976,1,1,0,1,1,38027
977,0,0,0,0,1,75768
978,1,1,1,1,0,136
979,0,1,0,0,0,37526
980,1,1,0,1,0,37324
981,0,0,1,1,0,139
982,1,1,0,1,0,38278
983,0,0,1,1,1,38449
984,0,0,0,1,1,139
985,1,1,0,0,0,38430
986,0,1,1,0,0,75941
987,1,0,0,1,1,76129
988,0,0,1,0,0,37486
989,0,0,0,1,1,139
990,1,1,0,1,1,38456
991,0,0,0,0,0,139
992,1,0,1,1,0,76341
993,0,1,1,1,0,139
994,0,1,0,0,1,39347
995,0,1,1,0,1,138
996,0,0,1,1,1,38837
997,1,1,0,1,1,38882
998,0,1,0,0,0,38755
999,0,1,1,1,1,78865
1000,0,1,1,0,1,139
1001,0,0,1,0,0,39132
1002,1,0,1,0,0,78939
1003,1,1,0,1,0,38408
1004,0,0,0,0,0,139
1005,0,1,1,0,1,139
1006,1,0,1,1,1,79115
1007,0,0,1,1,0,140
1008,1,0,0,0,0,140
1009,1,1,1,0,1,139
1010,1,0,1,1,0,77141
1011,1,0,0,1,1,78130
1012,1,1,0,0,0,39164
1013,0,1,0,0,1,37527
1014,1,0,1,0,1,38605
1015,0,0,0,0,0,139
1016,0,1,1,0,0,77206
1017,1,0,0,1,1,77732
1018,1,0,1,1,1,77685
1019,0,1,1,1,0,139
1020,0,1,0,0,1,39195
1021,1,1,1,0,0,78019
1022,1,0,0,1,0,38771
1023,1,0,1,0,1,38217
1024,0,0,0,1,0,77338
1025,1,1,0,0,0,39710
1026,1,0,0,1,0,39826
1027,1,0,1,0,0,81078
1028,0,1,1,0,1,140
1029,1,0,1,0,1,40987
1030,1,1,1,1,1,139
1031,0,0,1,0,0,40733
1032,1,1,1,0,1,136
1033,0,0,1,1,1,39571
1034,0,1,0,1,1,40108
1035,0,1,0,1,1,40585
1036,0,0,1,0,1,40897
1037,0,1,1,1,0,139
1038,0,0,1,1,1,39835
1039,1,1,0,1,1,39998
1040,0,0,1,0,1,39307
1041,1,1,1,1,0,139
1042,1,0,0,0,0,139
1043,0,1,1,1,0,137
1044,0,1,1,1,0,139
1045,0,1,1,0,1,139
1046,0,0,1,1,0,139
1047,1,0,1,0,0,80993
1048,0,1,1,1,1,80151
1049,1,1,0,1,0,40628
1050,1,1,1,1,0,123
1051,0,0,0,0,0,139
1052,0,0,1,0,0,40065
1053,0,0,1,1,1,40726
1054,0,0,1,0,0,39274
1055,1,1,0,0,1,81035
1056,1,0,1,1,0,80084
1057,0,0,1,0,0,41453
1058,0,1,0,0,0,41369
1059,0,0,0,0,1,83961
1060,1,1,0,0,0,40789
1061,0,1,1,0,0,83612
1062,0,0,0,0,1,82467
1063,0,1,1,0,1,131
1064,0,0,0,0,1,83653
1065,1,1,1,0,0,83308
1066,0,1,0,1,1,41356
1067,0,0,0,1,0,84233
1068,1,0,0,1,0,41083
1069,1,1,1,1,1,139
1070,0,1,0,1,0,139
1071,0,0,0,0,1,82005
1072,0,1,0,1,0,139
1073,0,1,1,0,0,84292
1074,0,1,0,1,1,41376
1075,1,1,0,1,1,41272
1076,1,1,0,0,1,82868
1077,0,1,0,0,1,41824
1078,0,0,1,0,1,41024
1079,1,1,1,1,1,130
1080,1,0,1,1,0,81872
1081,0,1,1,0,1,139
1082,0,0,0,1,1,139
1083,0,0,0,1,0,83312
1084,0,0,1,0,0,42102
1085,1,1,0,1,1,40828
1086,0,0,0,0,1,83556
1087,0,0,0,0,0,139
1088,1,1,1,1,1,139
1089,0,0,1,0,1,43066
1090,0,1,1,1,0,139
1091,1,1,1,1,1,139
1092,1,1,1,1,0,139
1093,1,1,0,1,0,42851
1094,1,1,1,0,1,138
1095,0,1,1,1,1,84903
1096,0,0,0,1,0,85380
1097,0,1,0,0,1,42753
1098,1,1,1,1,0,139
1099,1,1,1,0,1,139
1100,0,0,1,0,1,43315
1101,1,0,1,1,0,85409
1102,1,0,0,0,1,85496
1103,0,0,0,1,0,86274
1104,0,1,1,1,0,139
1105,1,1,1,0,1,138
1106,1,0,0,0,0,138
1107,1,0,1,1,1,85513
1108,0,1,0,1,1,43208
1109,1,1,0,0,0,40910
1110,0,0,1,0,1,42114
1111,1,0,0,0,0,139
1112,0,0,1,0,0,41992
1113,0,1,0,1,0,139
1114,0,0,0,0,1,85504
1115,0,0,0,0,0,135
1116,0,1,0,1,1,42470
1117,1,0,1,0,1,42614
1118,1,0,1,0,1,43088
1119,1,1,0,0,0,42551
1120,0,0,1,0,0,43163
1121,1,1,0,0,1,87555
1122,1,0,0,1,1,87095
1123,0,1,1,0,1,139
1124,0,1,0,1,0,139
1125,0,0,0,1,1,139
1126,1,0,1,1,0,87356
1127,1,0,1,0,0,87375
1128,0,1,0,1,0,139
1129,1,0,1,0,0,87756
1130,0,1,1,1,0,139
1131,0,1,0,0,1,43855
1132,0,0,1,1,1,44111
1133,1,0,1,1,1,86826
1134,0,1,0,0,1,44604
1135,1,0,1,1,0,87283
1136,0,0,0,1,0,88112
1137,1,1,0,0,0,43407
1138,1,1,0,0,1,88238
1139,1,0,1,1,0,87707
1140,1,1,1,1,0,140
1141,1,0,0,0,0,139
1142,0,1,0,0,0,44206
1143,1,1,0,1,1,43824
1144,1,1,1,1,0,139
1145,1,0,1,0,0,87234
1146,1,1,0,0,1,87159
1147,1,1,1,0,1,139
1148,1,0,1,0,1,44543
1149,0,0,1,0,0,43486
1150,0,0,0,1,0,87097
1151,1,0,0,1,1,87368
1152,0,1,1,0,0,86951
1153,1,0,0,0,1,91246
1154,1,1,1,0,0,89384
1155,1,0,0,1,1,90872
1156,0,0,0,0,1,90081
1157,1,0,0,0,0,139
1158,1,0,1,0,0,90324
1159,0,0,1,1,1,45606
1160,1,1,1,1,0,139
1161,1,0,0,1,0,45095
1162,1,1,0,1,0,44606
1163,1,1,1,1,0,140
1164,0,1,1,1,0,139
1165,0,0,0,1,1,139
1166,1,0,1,1,0,90619
1167,0,1,1,1,0,139
1168,1,0,1,1,1,91095
1169,1,1,1,1,1,139
1170,1,0,0,0,0,139
1171,1,0,1,0,1,44409
1172,0,1,0,1,1,43999
1173,0,0,1,0,0,45869
1174,0,1,0,1,1,43542
1175,1,1,0,1,1,45104
1176,0,1,1,0,0,91591
1177,1,1,0,1,1,46217
1178,1,1,1,1,0,139
1179,0,1,0,0,1,45263
1180,0,0,1,0,1,45286
1181,0,1,1,1,0,139
1182,1,0,0,0,0,139
1183,1,1,0,1,0,45741
1184,1,1,0,1,1,45032
1185,1,0,0,1,1,93175
1186,0,0,1,1,1,46367
1187,1,0,1,1,0,92991
1188,1,0,1,1,0,92750
1189,1,0,0,0,1,93156
1190,0,1,1,0,1,139
1191,0,1,0,1,1,46350
1192,0,0,0,0,0,139
1193,1,0,0,0,1,90148
1194,1,0,1,0,0,82764
1195,1,0,0,1,0,43967
1196,1,0,0,1,1,84482
1197,0,1,1,1,1,86492
1198,0,0,0,1,0,86194
1199,0,0,1,0,1,43396
1200,1,1,0,0,0,44418
1201,1,0,1,1,1,90785
1202,0,1,0,1,0,139
1203,0,1,0,1,1,45297
1204,1,1,1,0,1,140
1205,0,0,0,0,0,140
1206,1,1,1,0,0,91964
1207,0,0,0,1,0,90407
1208,0,0,0,1,1,139
1209,1,1,0,1,0,47226
1210,1,0,1,1,0,93172
1211,0,1,0,1,1,46035
1212,0,1,1,1,0,142
1213,1,0,1,0,1,46100
1214,0,1,0,1,0,126
1215,1,1,0,0,1,94098
1216,0,0,1,0,0,46138
1217,1,0,0,0,0,138
1218,1,0,0,0,0,139
1219,1,0,1,1,1,95354
1220,1,0,0,0,1,89678
1221,1,1,0,0,0,48133
1222,0,1,1,1,0,139
1223,0,0,0,1,1,140
1224,0,0,1,1,0,131
1225,0,0,1,0,0,46795
1226,0,1,0,0,1,47678
1227,1,0,1,1,0,92271
1228,0,0,0,1,0,91760
1229,0,0,1,0,0,46952
1230,0,0,1,1,0,139
1231,1,1,0,1,1,47814
1232,1,1,0,0,1,94873
1233,1,1,1,1,0,139
1234,0,0,1,1,0,139
1235,1,1,1,0,0,89593
1236,1,1,0,1,1,47041
1237,0,1,0,0,1,47228
1238,1,0,1,0,1,48067
1239,1,1,0,1,0,46681
1240,1,0,1,0,1,46590
1241,0,0,0,0,0,138
1242,0,1,0,0,0,46371
1243,1,1,1,0,1,139
1244,1,0,0,0,1,94743
1245,0,1,1,1,1,95613
1246,0,0,1,1,1,48085
1247,0,1,1,1,1,94432
1248,1,1,1,0,1,139
1249,0,0,0,1,1,140
1250,1,0,1,0,1,49203
1251,0,1,1,1,1,97599
1252,0,1,1,1,0,115
1253,0,1,1,1,0,140
1254,0,1,1,0,0,98834
1255,1,1,1,1,0,112
1256,1,0,1,1,0,98043
1257,1,0,0,0,1,98278
1258,0,0,0,1,1,129
1259,0,0,1,0,0,49380
1260,1,0,0,1,0,49494
1261,0,0,0,0,0,139
1262,0,0,1,1,1,48838
1263,0,1,1,0,0,97408
1264,1,0,1,0,0,98383
1265,0,1,0,1,1,48456
1266,0,0,0,1,1,139
1267,1,0,0,1,0,49991
1268,0,0,0,0,0,139
1269,0,1,0,0,0,48798
1270,1,0,1,1,1,98360
1271,1,1,1,0,1,139
1272,0,1,1,1,0,141
1273,0,0,0,0,0,130
1274,1,0,0,1,1,97972
1275,0,0,0,1,1,139
1276,0,0,0,1,0,98395
1277,1,1,1,1,0,139
1278,1,1,0,1,0,49721
1279,0,0,1,0,0,48990
1280,1,0,0,1,1,97965
1281,1,1,0,0,1,100603
1282,0,0,1,1,1,50890
1283,0,0,0,1,1,139
1284,1,0,0,0,1,100666
1285,1,0,0,1,1,99924
1286,1,1,1,1,1,141
1287,0,0,1,0,0,50525
1288,1,0,0,0,0,139
1289,0,0,0,1,0,100543
1290,1,1,1,0,0,99802
1291,1,1,1,0,0,100471
1292,0,0,1,0,1,50079
1293,0,1,0,1,0,139
1294,1,1,0,1,0,50687
1295,1,1,0,0,1,100361
1296,0,0,1,0,1,50470
1297,0,1,1,1,0,139
1298,0,0,0,0,0,140
1299,1,1,1,1,0,113
1300,1,1,1,1,1,139
1301,0,1,0,0,1,51010
1302,1,0,1,1,0,101893
1303,1,0,0,0,1,99671
1304,0,0,1,0,1,49981
1305,0,1,1,0,0,100231
1306,0,1,0,0,0,49741
1307,1,1,1,1,0,139
1308,1,0,0,0,1,100953
1309,0,0,1,1,0,139
1310,0,1,1,1,0,139
1311,1,1,1,0,1,139
1312,1,1,1,0,0,99833
1313,0,1,1,0,0,102851
1314,1,0,1,0,1,50494
1315,1,1,1,1,0,139
1316,1,0,0,0,0,139
1317,1,0,1,0,1,51219
1318,1,0,0,1,0,51413
1319,0,1,0,0,0,51115
1320,0,0,1,1,1,50957
1321,0,1,1,1,0,139
1322,1,0,1,0,0,103565
1323,1,1,0,0,1,101976
1324,1,1,0,1,1,50557
1325,0,0,0,0,0,138
1326,0,0,0,1,0,103453
1327,1,1,1,0,1,141
1328,0,0,1,1,0,139
1329,1,1,1,1,0,139
1330,1,1,0,1,1,51156
1331,0,0,0,1,1,139
1332,1,1,0,1,0,50857
1333,0,1,0,1,0,139
1334,0,1,1,1,0,142
1335,0,1,1,0,0,103237
1336,1,1,0,0,1,103223
1337,1,1,1,0,0,101773
1338,1,0,0,1,1,104191
1339,0,0,0,0,1,102497
1340,0,1,1,1,1,103038
1341,0,1,0,1,1,49201
1342,1,1,1,1,0,110
1343,0,0,0,1,0,97972
1344,0,0,1,1,0,131
1345,0,1,0,1,0,107
1346,0,1,0,0,1,50743
1347,0,0,1,1,0,105
1348,0,0,1,1,1,52064
1349,0,1,0,1,0,139
1350,1,0,1,0,0,103588
1351,0,1,0,1,1,51270
1352,0,0,1,0,0,52135
1353,1,1,0,0,0,52163
1354,1,0,0,1,1,103555
1355,0,1,0,1,0,139
1356,0,1,0,1,1,53026
1357,0,1,0,1,0,129
1358,1,1,0,0,0,52475
1359,1,0,0,1,0,50507
1360,1,1,0,0,1,106283
1361,0,0,0,1,1,139
1362,1,1,0,0,1,105985
1363,1,0,1,0,0,105106
1364,1,1,1,1,1,140
1365,1,1,1,0,0,104445
1366,1,0,0,0,1,104763
1367,1,0,0,1,1,105780
1368,1,0,0,0,0,139
1369,1,1,0,1,0,52128
1370,1,1,0,1,1,52631
1371,0,0,0,1,0,105385
1372,0,1,0,1,0,139
1373,1,0,0,1,0,53137
1374,0,0,0,0,1,105033
1375,1,0,0,1,0,52437
1376,1,1,0,1,0,52622
1377,0,1,1,0,1,139
1378,1,1,1,0,1,139
1379,0,0,1,1,0,139
1380,0,0,0,1,1,139
1381,0,1,0,1,0,140
1382,0,1,0,1,1,53854
1383,1,0,1,0,1,54272
1384,1,0,1,0,0,107435
1385,1,1,0,0,0,54494
1386,1,0,1,0,0,108001
1387,0,1,1,0,1,140
1388,1,1,1,1,0,139
1389,0,0,0,1,1,139
1390,1,0,0,0,1,108913
1391,1,0,0,0,0,139
1392,0,1,1,1,0,139
1393,0,0,1,0,1,53456
1394,0,1,1,1,1,107049
1395,0,0,1,1,1,53413
1396,1,0,0,1,0,53620
1397,0,0,1,1,0,139
1398,0,1,0,1,0,139
1399,0,1,1,1,1,107811
1400,1,0,0,0,1,108115
1401,1,0,0,1,0,54612
1402,0,1,1,1,0,135
1403,0,1,0,1,1,54231
1404,0,0,1,1,0,139
1405,1,0,0,1,0,54363
1406,0,1,1,0,0,108035
1407,1,1,0,0,0,53937
1408,0,0,0,1,1,139
1409,1,0,1,1,0,110618
1410,1,1,0,1,1,54213
1411,0,1,0,1,0,138
1412,0,0,0,0,0,139
1413,1,0,0,1,0,54345
1414,0,1,1,0,0,109260
1415,0,1,1,1,0,109
1416,0,1,0,1,1,55967
1417,0,0,0,0,1,108467
1418,1,1,0,0,0,55214
1419,1,1,0,0,1,109803
1420,1,0,1,1,1,109729
1421,1,0,0,0,0,139
1422,1,0,1,0,0,111186
1423,1,0,0,0,0,139
1424,0,1,1,0,1,142
1425,0,1,0,1,1,56058
1426,0,1,0,0,0,55448
1427,1,0,1,1,0,109796
1428,1,0,1,1,0,110769
1429,0,1,1,1,1,110459
1430,1,1,0,1,1,54936
1431,1,1,1,1,0,139
1432,0,0,1,1,1,55221
1433,1,1,1,0,1,139
1434,0,1,1,1,0,140
1435,0,1,1,1,0,138
1436,1,0,0,1,0,55530
1437,0,0,0,0,0,137
1438,0,0,1,0,0,55580
1439,1,1,1,1,1,139
1440,0,0,1,0,1,54713
1441,1,1,1,0,1,139
1442,1,0,1,1,0,113656
1443,0,0,1,0,1,55687
1444,1,1,0,1,1,56173
1445,1,1,1,1,0,139
1446,1,1,1,1,1,139
1447,0,0,0,1,1,139
1448,0,0,1,0,0,56113
1449,0,1,1,1,1,111316
1450,0,1,1,1,0,136
1451,0,1,1,0,1,139
1452,0,1,1,0,0,112337
1453,1,0,0,0,0,139
1454,0,0,0,1,0,113535
1455,1,0,1,0,1,56327
1456,1,0,1,0,0,110580
1457,0,0,0,0,1,109919
1458,1,0,0,1,0,54090
1459,1,0,0,1,0,55875
1460,0,0,0,0,0,139
1461,0,1,0,0,1,55091
1462,0,1,1,1,0,139
1463,0,1,0,0,1,55751
1464,1,1,1,0,0,114089
1465,1,0,0,0,0,139
1466,1,0,1,1,1,114233
1467,1,1,0,1,0,55533
1468,0,0,0,1,0,113582
1469,1,1,0,1,0,55826
1470,1,0,1,0,1,56004
1471,0,0,1,0,1,55532
1472,0,0,1,1,0,139
1473,0,1,0,1,0,139
1474,0,0,0,0,0,139
1475,0,0,1,0,1,58492
1476,1,1,1,0,0,115163
1477,0,1,0,0,0,57715
1478,0,1,1,1,0,139
1479,0,0,0,0,1,115752
1480,0,1,0,1,1,57543
1481,0,0,0,1,0,115323
1482,1,0,1,1,0,115888
1483,1,0,1,1,0,115441
1484,1,1,1,0,1,139
1485,0,1,1,0,1,139
1486,1,0,1,0,0,116422
1487,0,1,0,1,1,57143
1488,1,1,0,0,0,57871
1489,0,1,0,1,1,57530
1490,1,0,1,1,1,115071
1491,1,1,1,0,1,139
1492,1,1,1,1,1,130
1493,1,0,0,0,1,114768
1494,0,0,0,1,1,140
1495,1,1,0,0,1,114631
1496,0,0,1,0,0,57486
1497,0,1,0,0,1,56256
1498,0,0,0,0,1,115900
1499,0,0,1,0,0,58083
1500,1,0,1,0,1,55952
1501,0,0,0,0,0,139
1502,0,1,0,1,0,139
1503,1,1,0,1,1,56923
1504,1,1,1,0,1,139
1505,0,1,0,1,0,139
1506,0,0,0,1,1,139
1507,0,1,1,1,0,139
1508,0,1,1,0,0,117307
1509,0,1,0,1,0,139
1510,1,1,0,1,1,58773
1511,0,1,0,1,1,57809
1512,1,1,1,0,0,118148
1513,0,0,1,0,0,59128
1514,1,1,0,0,1,118627
1515,1,0,1,1,0,117125
1516,1,0,1,0,1,57414
1517,1,0,1,1,1,117733
1518,0,1,1,0,1,140
1519,1,1,0,1,1,58723
1520,1,0,0,1,1,118154
1521,0,1,0,0,1,57982
1522,1,1,1,0,1,139
1523,0,1,0,0,0,59087
1524,1,0,1,1,1,117950
1525,1,0,1,1,0,118395
1526,0,0,0,0,1,118760
1527,0,1,1,1,0,139
1528,1,0,0,1,0,58651
1529,1,0,1,0,0,110132
1530,1,0,0,1,1,110472
1531,1,0,1,0,0,113301
1532,0,0,1,0,1,57848
1533,0,1,1,1,1,118009
1534,1,1,1,1,1,141
1535,0,0,1,1,0,139
1536,1,1,0,1,0,59264
1537,0,0,1,0,1,59505
1538,1,0,0,1,1,121327
1539,0,0,0,1,0,120288
1540,1,0,0,1,1,118779
1541,0,0,0,1,1,140
1542,0,0,0,1,1,139
1543,1,1,0,1,0,60136
1544,0,1,1,1,1,120089
1545,1,1,1,1,1,139
1546,0,1,1,0,1,139
1547,1,1,0,1,1,60108
1548,1,0,1,1,0,119424
1549,0,0,1,0,0,59280
1550,0,1,1,0,0,120437
1551,1,0,1,1,1,120569
1552,0,1,0,0,1,58650
1553,1,0,1,0,0,120810
1554,0,0,1,1,0,137
1555,0,0,0,0,0,139
1556,1,0,0,1,0,60464
1557,0,0,0,1,0,121283
1558,0,1,0,0,1,59596
1559,1,0,1,0,1,58072
1560,0,1,1,1,0,142
1561,0,0,0,1,0,111470
1562,0,1,0,1,1,55406
1563,0,0,1,0,0,54313
1564,1,1,1,1,1,139
1565,1,1,1,1,1,135
1566,0,0,0,1,0,113404
1567,0,0,1,0,0,54115
1568,0,1,1,1,1,108577
1569,0,0,0,1,1,136
1570,1,1,0,0,0,54192
1571,0,1,0,1,0,135
1572,0,1,0,0,1,55958
1573,1,0,1,0,1,58597
1574,0,0,0,1,1,112
1575,0,1,1,1,1,117718
1576,1,0,1,1,1,113186
1577,1,0,1,1,1,118263
1578,1,1,0,1,1,58523
1579,0,0,0,1,0,114044
1580,0,0,1,1,0,129
1581,0,1,1,1,0,110
1582,0,1,1,1,0,127
1583,1,1,1,0,1,109
1584,1,1,0,1,1,57955
1585,1,0,0,1,1,113587
1586,1,0,0,1,1,112148
1587,0,1,0,0,1,57486
1588,1,0,0,0,1,113088
1589,0,0,0,0,1,114271
1590,1,0,0,0,1,114266
1591,1,1,0,0,0,56104
1592,1,0,0,1,1,114709
1593,0,0,1,0,0,57942
1594,1,1,1,1,0,131
1595,0,1,1,0,0,115984
1596,1,0,1,1,0,113495
1597,1,1,1,1,0,139
1598,0,0,1,1,1,56125
1599,0,1,1,1,0,108
1600,1,1,1,0,1,132
1601,0,0,0,0,1,115068
1602,0,0,0,1,0,116532
1603,0,0,0,0,1,116117
1604,0,0,1,1,0,111
1605,1,1,1,0,0,121834
1606,1,0,1,0,0,118805
1607,1,0,1,0,1,58584
1608,0,1,1,1,0,131
1609,1,1,1,1,1,112
1610,0,1,1,0,0,117758
1611,1,1,0,0,0,60679
1612,0,1,0,1,1,58598
1613,0,0,1,1,1,59924
1614,0,1,0,0,1,60593
1615,0,0,1,1,1,57267
1616,1,1,1,1,0,110
1617,0,1,0,0,0,60722
1618,1,1,0,1,0,60415
1619,0,0,0,0,0,131
1620,1,1,1,0,1,140
1621,0,0,0,1,0,121636
1622,1,0,0,0,1,120762
1623,0,1,0,0,0,58609
1624,0,1,1,1,0,118
1625,0,0,0,1,1,129
1626,1,1,1,1,1,130
1627,0,1,0,1,0,244
1628,1,0,1,0,1,60438
1629,1,1,1,1,0,113
1630,0,1,1,0,0,119645
1631,1,1,0,1,1,58112
1632,1,1,1,1,0,129
1633,0,1,0,0,1,59348
1634,1,0,1,1,0,118227
1635,0,1,1,0,0,119141
1636,0,1,0,0,0,58479
1637,0,1,0,0,1,58429
1638,1,1,1,0,0,118309
1639,1,0,0,0,0,106
1640,1,0,0,1,0,59343
1641,0,1,0,1,0,110
1642,0,1,0,0,1,59454
1643,0,1,1,0,0,116162
1644,0,1,0,1,1,58067
1645,1,1,1,1,0,136
1646,1,1,0,1,0,59447
1647,0,1,1,0,1,129
1648,0,0,0,1,0,119105
1649,1,1,1,0,1,142
1650,1,0,1,1,1,118479
1651,0,1,0,1,0,137
1652,1,1,0,1,0,57914
1653,0,1,1,1,0,130
1654,1,0,1,1,1,116119
1655,1,0,0,1,0,58109
1656,1,1,1,0,1,139
1657,0,1,1,1,1,116198
1658,1,0,1,0,0,121562
1659,0,0,1,1,0,139
1660,1,0,1,0,0,120651
1661,0,0,1,1,1,60223
1662,0,1,1,0,1,135
1663,1,1,1,0,1,130
1664,1,1,0,0,0,59667
1665,1,1,0,1,0,60647
1666,1,0,0,1,0,63684
1667,0,0,0,0,0,135
1668,1,1,1,1,0,129
1669,1,1,1,1,0,105
1670,0,0,0,0,0,130
1671,0,1,0,0,0,62888
1672,1,0,0,0,0,131
1673,1,1,1,0,1,119
1674,1,0,1,1,0,123649
1675,0,1,0,1,0,121
1676,1,0,1,0,1,61476
1677,1,1,0,0,1,122308
1678,1,1,0,1,1,62783
1679,0,1,1,1,0,139
1680,1,0,0,1,1,129326
1681,1,0,1,0,1,61167
1682,1,1,0,1,1,60007
1683,0,0,1,1,1,60302
1684,1,0,0,0,1,126031
1685,0,1,1,0,0,121396
1686,1,1,1,0,1,123
1687,0,0,1,1,0,111
1688,0,1,1,0,0,126487
1689,0,0,0,0,0,136
1690,0,0,1,0,0,61768
1691,1,0,1,0,0,128469
1692,0,0,1,0,0,62578
1693,0,0,0,1,1,139
1694,0,1,0,0,1,64806
1695,1,1,0,0,1,126792
1696,0,1,0,1,0,120
1697,0,0,0,1,1,136
1698,1,0,0,0,1,133411
1699,1,1,0,1,1,63147
1700,1,0,1,1,1,130340
1701,1,0,0,1,0,65000
1702,0,1,0,0,0,63320
1703,1,1,1,1,1,139
1704,1,1,1,0,0,131015
1705,1,1,0,0,0,63814
1706,0,0,0,1,0,131384
1707,0,1,1,0,0,130855
1708,0,1,1,1,1,132111
1709,1,0,0,1,1,130536
1710,1,1,1,1,0,133
1711,1,0,1,0,0,133375
1712,1,1,1,1,0,140
1713,0,0,0,1,0,124000
1714,1,1,0,1,1,62667
1715,0,0,1,1,0,105
1716,0,0,0,1,0,123652
1717,1,0,1,0,0,127146
1718,1,0,1,1,0,129939
1719,1,0,1,1,1,129487
1720,1,1,0,0,1,130793
1721,0,0,0,0,1,128043
1722,0,0,1,0,1,64052
1723,1,1,0,0,1,130961
1724,0,0,1,0,0,63776
1725,1,1,0,0,0,62846
1726,1,1,1,1,0,139
1727,1,1,0,1,0,66113
1728,1,0,1,1,0,133092
1729,1,1,1,0,1,139
1730,1,1,1,1,1,140
1731,1,0,1,0,1,66940
1732,0,0,1,1,0,139
1733,0,0,1,0,0,65372
1734,0,1,0,1,1,66292
1735,0,0,0,0,0,109
1736,1,1,1,1,1,139
1737,0,0,0,1,0,131946
1738,0,0,0,0,0,140
1739,1,0,1,1,0,134293
1740,0,1,0,1,0,138
1741,1,1,1,1,1,140
1742,1,0,0,0,0,140
1743,0,0,1,1,1,68033
1744,1,1,0,0,1,134513
1745,0,0,0,0,0,138
1746,1,1,0,0,1,134146
1747,1,0,1,0,0,130425
1748,0,1,0,1,0,143
1749,0,1,0,0,0,65673
1750,0,1,1,0,0,131854
1751,1,0,1,0,0,126657
1752,0,0,0,1,1,139
1753,1,0,1,1,1,127211
1754,0,0,1,1,0,130
1755,0,1,1,1,0,141
1756,1,1,0,1,1,64254
1757,0,0,1,0,1,66614
1758,1,1,1,0,0,130629
1759,1,0,0,1,1,134482
1760,0,1,1,1,1,132557
1761,1,0,0,1,0,67494
1762,1,1,0,0,0,68525
1763,0,0,1,0,1,68377
1764,0,0,0,1,0,135090
1765,1,0,0,0,1,134254
1766,0,1,0,0,1,67830
1767,0,1,0,0,0,67772
1768,1,1,1,1,0,139
1769,0,0,0,1,1,139
1770,1,0,1,1,1,136964
1771,0,0,0,1,1,139
1772,1,1,1,1,1,139
1773,1,1,0,1,0,67655
1774,0,1,0,0,1,68046
1775,1,0,1,1,0,134737
1776,0,0,0,0,0,138
1777,1,0,0,1,0,67855
1778,1,1,1,1,0,113
1779,0,1,0,1,1,67771
1780,1,0,0,0,0,139
1781,0,0,0,1,0,135336
1782,1,1,0,0,1,133125
1783,0,0,1,1,0,138
1784,1,0,0,0,0,139
1785,1,0,0,0,0,139
1786,0,1,1,0,1,139
1787,0,1,0,1,0,110
1788,0,0,1,0,1,67835
1789,1,0,0,1,1,127293
1790,0,0,0,0,1,129845
1791,0,0,0,0,1,128600
1792,0,0,1,0,0,65318
1793,1,1,1,0,0,133542
1794,0,1,0,0,1,64579
1795,0,0,0,0,0,127
1796,1,0,0,1,0,66189
1797,0,1,0,1,0,139
1798,1,1,0,0,0,68379
1799,1,1,1,1,1,140
1800,1,1,1,1,0,130
1801,1,1,1,1,1,120
1802,0,1,0,1,0,107
1803,1,1,1,1,0,128
1804,0,0,1,0,1,66606
1805,0,0,0,0,1,138836
1806,1,0,0,0,0,139
1807,0,1,0,0,1,69384
1808,1,1,0,0,1,140461
1809,0,1,0,0,1,70472
1810,1,0,1,1,1,139590
1811,0,0,1,1,1,68758
1812,0,1,1,0,1,139
1813,1,0,1,1,0,139899
1814,0,1,1,0,1,139
1815,1,1,0,1,1,69742
1816,1,1,0,0,0,69606
1817,1,0,1,1,0,139420
1818,1,0,1,1,1,141132
1819,0,0,1,1,0,139
1820,1,0,1,1,1,141116
1821,1,1,1,1,1,140
1822,1,0,1,1,1,139875
1823,1,0,1,1,1,141393
1824,0,0,0,1,1,137
1825,0,1,1,1,1,142840
1826,0,1,1,0,0,142019
1827,0,0,1,1,0,139
1828,0,1,0,0,1,70920
1829,0,1,1,1,1,142337
1830,1,1,1,0,0,141245
1831,1,0,0,0,0,139
1832,0,0,0,1,0,143000
1833,1,1,0,0,0,71201
1834,0,0,0,1,0,142066
1835,1,1,0,1,1,70296
1836,0,0,1,1,0,139
1837,0,1,0,0,0,70469
1838,1,0,1,0,1,71411
1839,1,1,0,1,1,70743
1840,0,1,0,1,0,139
1841,0,1,0,1,1,71225
1842,0,1,0,1,1,70424
1843,1,1,0,1,0,71252
1844,1,0,0,0,0,130
1845,0,1,0,0,0,71017
1846,0,0,0,0,1,142610
1847,1,0,0,1,0,70330
1848,1,1,1,1,1,139
1849,0,1,1,0,1,137
1850,0,1,1,0,1,140
1851,1,1,0,0,0,70915
1852,1,1,0,0,1,142216
1853,1,1,0,0,0,70551
1854,1,1,1,0,1,139
1855,0,0,1,1,0,141
1856,0,1,1,1,0,139
1857,1,1,1,0,0,144307
1858,0,1,1,1,0,137
1859,0,1,1,0,1,138
1860,0,1,0,0,1,73407
1861,0,1,0,1,1,72198
1862,0,0,0,1,1,139
1863,0,0,1,1,1,72146
1864,0,1,1,0,0,144190
1865,0,0,1,0,1,71652
1866,1,1,1,0,1,139
1867,0,1,0,0,0,72461
1868,0,0,0,0,0,137
1869,0,0,1,1,1,73211
1870,0,0,1,1,0,124
1871,0,0,0,1,1,140
1872,0,1,1,0,0,146760
1873,1,0,0,0,0,140
1874,1,0,0,1,1,145345
1875,1,1,0,1,1,72851
1876,0,0,1,0,0,72055
1877,0,1,1,0,1,139
1878,0,0,0,1,0,145917
1879,1,1,0,0,0,72318
1880,0,1,1,1,0,139
1881,0,0,0,1,1,139
1882,1,0,0,1,1,146037
1883,1,1,0,1,1,71736
1884,1,1,1,1,0,139
1885,0,0,1,0,0,71936
1886,0,0,1,0,0,73003
1887,1,1,0,0,0,71859
1888,0,1,1,1,0,139
1889,0,1,1,0,0,147027
1890,0,0,0,1,1,139
1891,0,0,1,0,1,73644
1892,1,0,0,0,0,139
1893,0,0,1,0,1,74146
1894,1,0,1,1,0,147525
1895,0,1,0,1,1,74220
1896,0,1,1,1,1,146716
1897,1,1,1,0,1,139
1898,0,0,1,0,1,74444
1899,1,0,1,1,1,146883
1900,1,1,0,0,0,73886
1901,1,0,0,0,1,147183
1902,1,1,0,1,1,72889
1903,1,1,0,1,0,73178
1904,0,1,1,0,1,139
1905,1,1,0,1,0,74503
1906,0,1,1,0,0,147094
1907,1,1,0,0,1,147085
1908,1,0,1,1,0,148200
1909,0,0,1,1,0,139
1910,0,0,0,0,1,147109
1911,0,0,1,0,0,73438
1912,1,0,1,1,1,146871
1913,1,0,0,1,1,147832
1914,1,1,1,0,0,146952
1915,0,0,0,0,1,146845
1916,1,1,0,1,0,72916
1917,0,1,0,0,0,73350
1918,1,1,1,1,1,139
1919,0,1,1,1,0,139
1920,1,0,1,1,1,148871
1921,0,0,1,0,0,73880
1922,1,0,1,1,0,149000
1923,1,0,0,0,1,149639
1924,0,1,0,1,0,139
1925,1,1,1,0,0,150034
1926,0,1,1,0,0,149175
1927,0,1,0,0,1,74658
1928,0,1,1,0,0,147489
1929,1,0,0,1,1,149490
1930,1,1,1,0,1,139
1931,1,1,0,0,0,75190
1932,1,0,0,1,1,150054
1933,0,1,1,1,0,125
1934,0,1,0,1,0,139
1935,0,0,1,0,1,74907
1936,0,0,1,1,0,139
1937,1,0,0,0,0,139
1938,0,0,0,1,0,150660
1939,1,1,0,1,0,74618
1940,0,1,1,0,0,151295
1941,0,1,1,1,1,149452
1942,1,0,0,1,0,73306
1943,0,1,0,0,0,73587
1944,1,1,1,1,0,139
1945,0,1,1,0,0,151363
1946,1,0,1,1,1,149926
1947,0,1,1,1,1,146759
1948,1,0,0,0,0,140
1949,0,1,0,1,1,74964
1950,0,1,1,0,0,150874
1951,0,1,1,0,0,150220
1952,0,0,1,0,1,74310
1953,0,1,1,1,0,139
1954,1,0,1,1,1,151980
1955,1,1,0,0,0,76496
1956,0,0,0,1,0,152063
1957,0,0,1,1,0,139
1958,1,1,0,0,1,152764
1959,0,0,0,0,0,139
1960,1,0,0,0,0,139
1961,0,0,1,0,0,76674
1962,0,1,1,1,1,153771
1963,0,0,0,1,0,151701
1964,1,1,0,0,0,76623
1965,0,1,1,0,0,153314
1966,1,0,1,1,0,151314
1967,0,0,0,0,0,138
1968,0,1,0,0,1,74860
1969,0,0,0,1,0,151385
1970,0,1,0,1,1,75945
1971,1,0,0,0,0,139
1972,0,1,1,0,0,152880
1973,1,1,0,1,1,74144
1974,0,1,0,1,0,139
1975,1,0,1,1,0,153625
1976,1,1,1,1,0,139
1977,1,0,1,0,1,75580
1978,0,0,1,0,0,75266
1979,0,0,1,1,0,139
1980,1,0,1,0,1,75992
1981,1,0,0,1,1,152845
1982,1,1,0,1,1,76077
1983,1,0,0,1,1,152776
1984,0,0,0,1,0,151817
1985,0,0,0,0,1,155153
1986,1,0,0,1,0,76551
1987,0,1,0,1,0,139
1988,1,0,1,1,0,156290
1989,1,1,0,0,1,154814
1990,0,0,0,0,1,154206
1991,0,0,1,1,1,77777
1992,0,0,0,0,0,138
1993,0,1,0,0,0,77371
1994,1,0,1,1,1,152417
1995,0,1,1,0,1,139
1996,1,1,1,1,1,140
1997,1,0,0,1,1,155406
1998,1,0,0,1,1,154667
1999,0,0,1,0,1,77888
2000,0,0,1,1,0,139
2001,0,0,0,0,1,154946
2002,0,0,1,0,0,77361
2003,0,1,0,0,0,76471
2004,0,1,0,1,1,77768
2005,0,1,0,0,1,77610
2006,1,1,0,1,1,76986
2007,0,1,1,0,0,153827
2008,0,1,1,0,0,156047
2009,0,1,1,0,1,139
2010,1,1,1,1,1,139
2011,0,0,0,1,1,139
2012,1,1,0,1,0,77671
2013,0,1,0,0,0,77844
2014,1,1,1,1,0,139
2015,0,1,1,0,1,139
2016,0,1,1,1,1,155583
2017,1,0,1,0,1,78517
2018,0,0,1,0,1,78620
2019,0,0,0,1,0,157292
2020,0,0,0,1,0,157127
2021,0,1,0,0,1,78598
2022,0,1,0,0,1,77762
2023,0,0,0,1,0,158442
2024,0,1,1,1,0,139
2025,1,0,1,0,1,77494
2026,0,0,0,1,1,140
2027,1,0,1,0,1,78913
2028,1,1,0,0,0,78622
2029,1,0,1,0,1,78624
2030,0,0,0,1,0,157122
2031,0,0,0,0,0,139
2032,1,0,0,0,0,139
2033,1,1,0,1,1,79028
2034,1,1,1,1,0,139
2035,0,0,0,1,1,139
2036,1,1,1,1,1,141
2037,1,0,0,0,1,158410
2038,1,0,1,0,1,79131
2039,1,0,0,0,0,139
2040,0,1,1,0,0,157455
2041,0,1,1,1,0,139
2042,0,0,1,1,1,78240
2043,1,1,0,0,0,78138
2044,1,0,1,0,0,156935
2045,0,1,0,1,0,139
2046,1,1,0,1,0,77477
2047,0,0,1,0,0,78861
2048,0,1,0,0,1,77616
2049,1,1,0,0,0,80570
2050,0,1,1,0,1,139
2051,0,0,0,1,0,161038
2052,0,0,1,1,0,139
2053,0,0,1,1,0,139
2054,0,0,0,1,1,139
2055,1,0,0,1,1,159892
2056,1,1,1,1,1,139
2057,1,0,1,0,0,159249
2058,1,1,1,0,0,159817
2059,0,1,1,1,0,140
2060,0,1,0,0,0,79511
2061,0,1,1,1,1,155526
2062,0,1,1,0,0,158114
2063,0,0,0,0,0,139
2064,1,0,1,0,0,160680
2065,1,0,0,0,0,139
2066,1,1,1,0,1,139
2067,1,0,1,0,0,158850
2068,1,1,0,0,0,80009
2069,0,0,1,0,1,80004
2070,1,0,0,0,0,139
2071,0,1,1,0,0,159944
2072,0,1,1,0,1,139
2073,0,0,1,0,0,78696
2074,1,1,0,0,0,78800
2075,1,1,1,1,0,139
2076,0,1,1,1,1,160051
2077,1,0,0,0,1,158371
2078,0,1,1,1,1,157588
2079,1,1,0,0,0,79752
2080,1,0,1,0,0,159863
2081,1,1,1,1,1,130
2082,1,1,1,0,1,131
2083,0,1,1,1,0,139
2084,0,1,1,0,1,139
2085,0,1,0,1,1,81537
2086,0,0,0,0,0,139
2087,0,1,0,0,0,80183
2088,1,0,1,1,1,162570
2089,0,1,0,0,0,80782
2090,0,0,1,1,1,81060
2091,1,0,1,0,0,162146
2092,0,1,0,0,1,80162
2093,0,0,1,1,0,139
2094,1,0,1,1,0,163708
2095,1,0,0,1,1,162904
2096,1,0,1,0,1,81363
2097,1,1,1,0,0,162536
2098,1,0,0,0,1,162998
2099,0,1,0,0,0,80336
2100,0,0,1,0,1,80950
2101,0,0,0,0,1,161453
2102,0,1,0,0,1,78925
2103,1,1,0,1,1,80973
2104,1,1,0,0,1,162131
2105,0,0,1,0,1,80418
2106,1,1,0,0,0,80961
2107,1,1,0,1,0,80252
2108,0,1,0,1,1,81091
2109,1,1,0,1,0,81005
2110,1,0,1,1,0,160472
2111,1,0,0,0,1,160351
2112,0,0,1,1,0,139
2113,0,0,0,1,0,165245
2114,0,1,1,0,0,164623
2115,1,1,1,1,0,139
2116,1,1,0,1,1,82166
2117,1,0,0,1,0,81183
2118,1,1,1,1,1,139
2119,0,0,1,0,1,82404
2120,0,1,1,1,1,164280
2121,1,0,0,1,1,164302
2122,0,1,1,0,1,123
2123,0,1,1,1,1,164259
2124,1,0,0,0,0,139
2125,0,1,1,1,0,139
2126,1,1,1,1,1,139
2127,1,1,0,0,1,163614
2128,1,1,0,1,0,75803
2129,0,1,0,0,1,82289
2130,1,1,1,1,1,139
2131,1,1,0,0,1,163853
2132,1,1,1,0,0,164438
2133,1,1,0,0,0,82233
2134,1,0,1,1,1,162706
2135,1,0,0,1,0,81386
2136,1,1,1,1,0,132
2137,0,0,1,0,1,80968
2138,1,1,1,0,0,162804
2139,0,0,0,0,1,162124
2140,0,0,1,1,1,82170
2141,1,1,0,0,0,81919
2142,1,0,0,0,0,140
2143,1,1,1,0,1,139
2144,1,0,1,0,1,81471
2145,1,0,0,1,1,166798
2146,0,0,0,0,0,139
2147,1,0,1,1,1,168490
2148,0,1,0,1,0,139
2149,0,0,1,0,1,83889
2150,1,1,0,1,0,81736
2151,0,0,1,1,1,83938
2152,0,1,0,1,1,83985
2153,1,0,0,0,0,137
2154,0,1,1,1,1,166096
2155,0,0,0,1,0,165885
2156,1,1,1,1,1,139
2157,1,1,0,1,0,83239
2158,0,0,1,1,1,82311
2159,0,1,0,0,1,83009
2160,0,0,1,1,0,138
2161,1,1,0,0,1,168101
2162,1,1,1,0,0,168445
2163,0,1,0,0,1,83590
2164,1,0,0,1,0,82403
2165,0,1,0,0,0,83190
2166,1,0,0,0,1,166131
2167,1,1,1,1,0,139
2168,0,1,1,1,0,107
2169,0,1,0,0,0,82821
2170,0,0,1,0,0,82985
2171,0,1,0,0,0,83259
2172,0,1,1,0,1,139
2173,1,1,0,0,1,166081
2174,0,0,1,1,1,82782
2175,0,0,1,1,1,82457
2176,1,0,0,0,1,167472
2177,1,0,1,1,0,169529
2178,0,1,1,1,0,139
2179,1,1,1,1,1,139
2180,1,1,0,0,0,85345
2181,0,1,0,1,1,84248
2182,0,1,0,1,1,85299
2183,1,0,1,1,1,169631
2184,1,1,0,0,0,84541
2185,0,0,1,1,1,84905
2186,1,0,1,0,0,169259
2187,1,0,1,1,0,168783
2188,0,1,1,1,1,168752
2189,0,0,1,1,1,85724
2190,1,0,0,0,1,169729
2191,0,1,0,1,1,84331
2192,0,1,0,1,0,139
2193,1,0,0,1,0,84672
2194,0,1,1,1,1,169548
2195,0,0,1,1,1,84434
2196,1,1,1,1,0,139
2197,0,1,0,0,1,84559
2198,1,0,1,1,0,169636
2199,1,1,1,1,0,136
2200,1,1,1,0,1,139
2201,0,1,0,0,0,84822
2202,0,0,0,1,0,168951
2203,0,0,0,1,0,169196
2204,0,0,1,0,1,84560
2205,1,0,1,0,1,83778
2206,0,0,0,0,1,168988
2207,0,0,0,1,0,170280
2208,0,1,0,0,0,84695
2209,0,1,1,1,1,171984
2210,1,0,1,0,1,86604
2211,1,0,0,1,0,84983
2212,1,1,1,0,1,139
2213,1,1,0,1,0,86007
2214,0,1,0,1,1,85854
2215,1,1,1,0,0,169511
2216,1,1,0,0,0,85328
2217,1,1,1,0,0,170780
2218,0,1,0,0,1,85443
2219,0,1,1,0,0,172529
2220,0,1,0,1,0,139
2221,0,1,1,1,0,139
2222,1,1,0,1,1,86010
2223,0,1,1,1,1,170920
2224,1,0,1,1,1,170844
2225,1,1,1,1,1,139
2226,0,0,0,0,0,139
2227,0,0,1,1,0,139
2228,0,0,0,1,1,139
2229,0,1,0,1,1,87182
2230,1,0,0,0,1,172230
2231,1,1,0,1,0,85236
2232,1,0,0,1,0,86031
2233,1,0,1,0,0,170976
2234,1,1,0,1,0,84730
2235,0,1,1,1,0,139
2236,0,1,1,0,0,171457
2237,1,0,1,0,0,171908
2238,0,0,1,0,1,85882
2239,1,1,0,0,0,86283
2240,1,1,0,1,1,85281
2241,0,1,1,0,0,174228
2242,1,1,0,1,1,87146
2243,1,0,0,0,1,165312
2244,0,0,0,0,0,130
2245,0,1,1,0,1,139
2246,1,0,1,1,1,162835
2247,1,0,1,0,0,169452
2248,0,1,1,1,1,174572
2249,0,0,0,1,0,174080
2250,1,1,1,1,0,139
2251,1,1,1,0,1,139
2252,1,0,1,1,0,174794
2253,1,0,1,0,1,87013
2254,1,1,0,0,1,174061
2255,1,0,1,0,0,174986
2256,0,1,1,0,1,139
2257,0,1,1,1,1,174520
2258,0,1,0,1,0,139
2259,1,0,1,1,1,174871
2260,0,1,1,0,1,139
2261,0,1,0,0,0,87479
2262,1,1,0,0,1,174249
2263,1,0,0,0,1,174498
2264,1,1,0,0,0,86448
2265,0,0,0,0,0,129
2266,0,1,0,0,0,87395
2267,1,0,1,0,1,86980
2268,0,0,0,1,0,173729
2269,1,1,0,0,0,87106
2270,0,1,1,1,1,175733
2271,1,0,1,0,0,175259
2272,0,0,1,1,0,138
2273,0,0,0,1,0,174550
2274,0,0,0,0,0,138
2275,1,1,0,1,0,88218
2276,1,1,1,0,0,176571
2277,0,1,0,1,0,140
2278,0,1,0,1,1,88820
2279,1,0,1,1,0,178149
2280,1,0,0,0,1,176251
2281,0,1,0,1,0,141
2282,0,0,1,1,0,139
2283,0,0,0,0,1,177016
2284,1,0,0,1,1,176105
2285,0,1,0,0,1,87340
2286,1,1,1,1,1,139
2287,0,1,0,1,1,88224
2288,1,0,1,0,0,175868
2289,1,0,1,1,1,177471
2290,0,1,1,1,0,139
2291,1,0,1,0,1,89217
2292,0,1,1,1,1,175901
2293,0,1,0,1,0,139
2294,0,0,1,1,0,139
2295,1,0,1,0,0,177725
2296,1,1,0,1,0,88129
2297,0,0,1,1,0,140
2298,1,0,0,1,0,89081
2299,0,0,0,0,1,175907
2300,1,0,1,0,0,175261
2301,1,0,0,0,0,140
2302,0,0,0,0,0,139
2303,0,1,1,0,0,175858
2304,1,0,1,0,0,168530
2305,0,1,0,1,0,139
2306,0,0,1,1,0,140
2307,1,1,0,0,0,87254
2308,1,1,1,1,1,140
2309,1,0,0,1,1,173046
2310,0,0,0,1,0,178427
2311,1,1,0,0,0,88951
2312,0,0,1,1,1,88533
2313,1,1,0,1,0,88868
2314,1,1,1,0,1,139
2315,0,0,1,0,1,89902
2316,1,0,0,0,1,178060
2317,1,0,1,1,1,179091
2318,1,1,0,0,1,177585
2319,1,1,1,1,0,139
2320,1,0,1,1,1,180887
2321,1,0,1,0,0,180385
2322,1,0,0,1,0,89192
2323,0,0,0,0,0,140
2324,0,1,0,0,0,89884
2325,0,0,1,1,0,139
2326,1,1,1,0,0,179105
2327,1,1,1,0,1,139
2328,0,1,0,0,1,90444
2329,1,1,1,0,1,139
2330,0,0,1,1,1,89200
2331,0,1,1,1,0,136
2332,1,1,0,1,1,89611
2333,1,1,0,0,1,177860
2334,0,1,1,0,0,180817
2335,1,0,1,1,1,179591
2336,1,1,1,1,1,141
2337,0,1,1,0,0,182191
2338,0,1,1,1,0,127
2339,1,0,1,1,1,182853
2340,0,0,0,1,0,181000
2341,1,0,1,1,0,182532
2342,1,0,1,1,0,181293
2343,1,1,0,0,0,89545
2344,1,1,1,0,0,181155
2345,0,0,1,1,0,139
2346,1,0,0,0,1,182838
2347,0,1,0,0,0,90563
2348,0,0,1,1,1,90590
2349,0,0,1,1,0,139
2350,1,0,1,1,1,182373
2351,1,0,0,0,1,181561
2352,0,1,0,0,0,90908
2353,0,0,0,0,1,180767
2354,1,1,1,0,0,180836
2355,0,0,1,1,0,139
2356,0,1,1,0,1,139
2357,0,1,0,1,1,92003
2358,1,0,1,1,0,181340
2359,0,0,1,1,0,137
2360,1,0,1,1,0,182050
2361,1,0,1,1,1,180995
2362,1,1,0,0,0,90667
2363,0,0,1,0,1,91287
2364,1,0,1,0,1,90617
2365,1,0,0,1,0,90826
2366,0,1,0,0,1,89896
2367,1,0,0,0,0,139
2368,1,0,0,1,1,180589
2369,1,1,0,0,0,91779
2370,1,1,0,0,1,184532
2371,1,0,1,1,0,185276
2372,1,0,1,1,0,184213
2373,0,1,0,0,0,92468
2374,1,1,1,1,1,139
2375,1,0,1,1,1,185482
2376,1,1,0,0,1,183042
2377,1,0,1,0,0,181915
2378,0,1,0,1,1,92336
2379,0,0,0,1,0,184724
2380,1,1,1,1,1,140
2381,1,0,0,1,1,184835
2382,0,0,0,0,1,184722
2383,0,1,0,0,0,90886
2384,1,1,0,0,0,92214
2385,1,1,0,0,0,92182
2386,1,1,1,0,1,139
2387,0,0,0,0,1,185305
2388,1,1,0,1,1,92561
2389,1,0,1,0,0,185158
2390,0,1,1,1,0,136
2391,1,1,0,0,0,91225
2392,0,0,1,0,1,92639
2393,1,1,0,0,1,183660
2394,1,1,0,0,0,92388
2395,1,0,1,0,0,184092
2396,1,0,0,1,0,91805
2397,0,1,0,1,0,139
2398,0,0,1,0,0,93194
2399,1,1,0,0,1,185218
2400,1,0,1,0,0,183672
2401,0,1,0,0,0,94009
2402,1,1,1,1,0,139
2403,0,0,0,0,0,140
2404,1,1,0,0,1,187985
2405,0,1,0,0,1,93446
2406,1,0,1,0,0,186026
2407,0,0,0,0,1,186574
2408,0,0,0,1,0,185565
2409,0,0,0,1,1,139
2410,1,1,1,1,0,147
2411,1,0,1,1,1,188047
2412,1,1,0,0,1,187205
2413,1,1,0,0,0,93589
2414,0,1,0,1,0,139
2415,0,0,0,0,1,188359
2416,1,0,0,0,1,186727
2417,0,1,0,1,1,91467
2418,1,1,1,0,0,187271
2419,0,1,1,0,0,187620
2420,1,1,1,0,1,139
2421,0,0,1,0,0,93402
2422,0,1,0,1,0,139
2423,0,1,0,0,0,93166
2424,1,1,0,1,0,93965
2425,0,1,1,0,1,139
2426,1,1,1,1,0,140
2427,0,1,0,0,1,92994
2428,0,1,0,0,1,93062
2429,1,1,1,1,1,139
2430,1,0,0,1,1,187313
2431,1,1,0,0,1,186828
2432,1,0,0,0,0,139
2433,1,0,0,0,0,139
2434,1,0,1,1,1,190637
2435,0,1,1,0,1,139
2436,1,1,0,1,0,94653
2437,0,1,0,0,0,93123
2438,1,0,1,0,0,187816
2439,0,1,0,0,0,94969
2440,1,0,1,0,0,189571
2441,0,0,1,0,1,95034
2442,0,1,1,1,0,139
2443,0,0,0,1,1,139
2444,0,1,1,1,0,140
2445,1,1,0,1,1,95076
2446,0,0,1,0,1,94745
2447,1,1,1,1,0,139
2448,1,0,0,1,0,95507
2449,0,1,0,0,1,93150
2450,1,1,1,1,0,139
2451,1,1,0,0,0,93768
2452,0,0,1,0,1,94986
2453,0,1,0,1,1,93773
2454,0,1,0,1,1,93340
2455,0,0,0,0,0,138
2456,1,0,0,1,1,188293
2457,0,0,1,0,1,94403
2458,1,0,1,1,1,188361
2459,0,0,0,0,0,139
2460,0,1,0,0,0,94227
2461,0,1,1,1,1,188470
2462,0,0,0,1,1,133
2463,1,0,0,1,1,189189
2464,0,1,1,1,1,189124
2465,1,0,0,0,0,141
2466,0,0,1,1,0,132
2467,0,0,1,1,0,139
2468,0,1,0,1,0,139
2469,1,0,0,0,0,139
2470,0,1,0,1,0,140
2471,0,1,0,0,1,97523
2472,1,0,0,1,1,192706
2473,1,1,0,0,1,191413
2474,0,0,1,1,1,95842
2475,0,0,0,1,1,139
2476,1,1,1,1,1,139
2477,1,0,1,0,1,95671
2478,1,0,0,1,1,191739
2479,0,1,0,0,1,95559
2480,1,0,0,1,1,191666
2481,1,0,0,1,0,95216
2482,0,1,1,0,0,192845
2483,0,1,1,1,1,191298
2484,1,1,0,0,0,95288
2485,0,0,1,0,0,95514
2486,1,0,1,1,0,192091
2487,1,0,1,1,1,192527
2488,1,0,1,1,0,191282
2489,1,1,0,0,1,191782
2490,0,1,0,0,1,94847
2491,1,1,0,0,1,192153
2492,0,1,0,1,1,96451
2493,0,1,0,1,1,95902
2494,0,0,0,0,1,190371
2495,0,0,1,0,1,95474
2496,0,0,0,0,0,140
2497,1,1,0,0,1,195880
2498,0,0,0,1,0,194321
2499,0,1,0,1,1,96512
2500,0,1,0,0,0,97055
2501,0,0,1,1,0,137
2502,0,1,1,0,0,193635
2503,0,0,1,0,0,96146
2504,0,0,1,1,1,97256
2505,1,1,0,0,0,96925
2506,1,0,0,0,0,122
2507,0,1,0,1,0,141
2508,0,1,1,0,0,192794
2509,1,0,1,1,1,191456
2510,0,0,0,0,0,139
2511,0,1,1,1,1,194545
2512,1,1,1,0,1,140
2513,0,1,1,1,1,193876
2514,1,1,0,0,0,95737
2515,0,0,0,0,0,139
2516,0,1,1,0,1,140
2517,1,1,1,0,0,193210
2518,0,0,1,0,1,97371
2519,1,0,1,0,1,97802
2520,1,1,0,0,0,97083
2521,0,1,1,1,0,140
2522,0,0,0,1,1,139
2523,0,1,1,1,0,139
2524,1,1,0,0,1,193310
2525,1,1,1,1,1,139
2526,0,1,1,1,0,140
2527,0,1,1,0,1,138
2528,1,1,0,1,1,97469
2529,0,0,0,1,1,139
2530,0,0,1,0,1,98944
2531,1,1,0,0,0,97670
2532,1,0,1,0,1,97877
2533,1,1,1,0,0,196501
2534,0,1,1,1,1,195884
2535,0,1,1,1,0,140
2536,0,0,0,1,0,194825
2537,1,0,1,1,0,195515
2538,0,1,0,1,1,98437
2539,1,0,1,0,1,96844
2540,0,0,0,1,1,139
2541,0,0,0,0,0,136
2542,0,1,1,1,0,139
2543,0,1,1,0,0,196412
2544,0,1,0,1,1,98713
2545,1,1,1,0,1,139
2546,0,0,1,1,0,143
2547,0,1,1,1,1,196193
2548,0,1,0,0,1,97182
2549,0,1,0,0,0,97517
2550,0,1,0,1,1,99281
2551,1,0,0,1,1,197327
2552,0,1,1,0,0,196862
2553,1,1,0,1,1,98805
2554,0,1,0,1,0,131
2555,1,1,0,1,1,97198
2556,1,1,0,0,1,196918
2557,0,0,1,0,1,98641
2558,0,1,0,0,0,97469
2559,1,0,1,0,0,195404
2560,0,1,1,0,1,136
2561,1,0,0,0,1,199446
2562,0,0,0,1,1,139
2563,1,1,0,0,1,198155
2564,0,0,0,0,1,198045
2565,0,0,0,0,1,189473
2566,0,0,0,0,0,130
2567,0,1,0,1,1,94655
2568,0,0,1,1,1,95033
2569,0,1,1,0,0,185916
2570,1,0,1,0,0,188919
2571,0,1,1,1,0,137
2572,1,1,1,1,1,131
2573,1,1,1,1,1,139
2574,0,1,0,1,1,95652
2575,1,0,1,1,1,198141
2576,1,0,1,0,1,98069
2577,1,1,0,1,1,98441
2578,1,0,0,0,1,200027
2579,0,0,1,1,1,98223
2580,1,1,1,0,1,139
2581,0,0,0,0,0,139
2582,0,1,0,1,0,139
2583,0,1,0,1,0,139
2584,1,1,1,0,0,199795
2585,1,1,0,0,0,98337
2586,1,1,1,1,0,139
2587,0,1,1,0,0,200896
2588,1,0,0,0,1,199707
2589,0,0,1,1,1,100259
2590,1,0,0,0,1,199734
2591,0,0,0,0,1,198938
2592,0,1,1,0,0,199663
2593,0,1,0,0,0,100353
2594,1,0,0,0,0,130
2595,0,1,0,0,1,100733
2596,0,1,1,0,0,202143
2597,0,1,1,1,0,137
2598,1,0,1,0,1,100926
2599,1,1,0,1,0,100977
2600,0,1,0,1,1,100766
2601,1,0,1,0,0,201883
2602,0,0,0,1,0,200267
2603,0,0,1,0,1,99876
2604,0,1,1,1,0,139
2605,1,1,1,0,1,139
2606,0,1,1,0,0,201572
2607,1,0,0,0,1,199842
2608,1,0,1,0,0,201689
2609,1,1,1,0,0,201535
2610,1,0,0,0,1,201604
2611,0,1,0,1,1,99874
2612,1,0,1,1,0,199168
2613,0,1,1,1,0,139
2614,0,0,0,1,0,201952
2615,0,0,0,0,0,140
2616,0,0,1,0,1,101118
2617,0,0,1,1,1,100708
2618,1,1,1,1,1,137
2619,0,0,0,0,0,139
2620,0,0,0,0,0,139
2621,0,0,1,1,0,139
2622,1,0,1,0,0,201817
2623,0,0,1,0,1,99154
2624,1,1,0,1,0,100467
2625,0,1,0,0,0,102428
2626,0,0,1,1,1,101887
2627,1,0,0,1,0,101087
2628,0,1,0,1,0,139
2629,1,0,1,1,1,204784
2630,1,0,0,0,0,139
2631,1,1,0,0,1,203507
2632,1,0,0,0,1,202252
2633,1,1,1,0,1,140
2634,1,0,1,0,0,202874
2635,1,1,0,1,0,101611
2636,1,0,1,0,0,202672
2637,0,1,1,1,0,139
2638,1,1,0,0,0,102119
2639,0,0,1,1,1,101879
2640,1,1,1,1,1,139
2641,1,1,1,0,1,139
2642,1,0,1,1,0,203801
2643,1,0,0,1,0,102437
2644,0,1,1,0,1,140
2645,1,0,0,1,1,203412
2646,1,1,0,1,0,101775
2647,1,1,1,0,0,202423
2648,0,1,1,1,0,108
2649,0,0,0,1,1,139
2650,1,1,0,0,0,101950
2651,1,0,1,0,1,100552
2652,1,0,0,0,1,203426
2653,1,0,1,0,1,102453
2654,0,1,0,0,0,102945
2655,0,0,0,0,0,139
2656,1,0,0,0,1,203702
2657,1,0,0,0,0,137
2658,0,1,0,1,1,104167
2659,0,1,1,0,1,139
2660,0,0,1,1,0,109
2661,0,1,1,1,0,140
2662,0,1,0,1,0,139
2663,0,1,0,0,1,103374
2664,0,0,1,0,0,102275
2665,0,1,0,0,0,102034
2666,0,0,0,1,1,139
2667,0,0,0,0,0,139
2668,1,1,0,0,1,207242
2669,0,0,1,1,1,102030
2670,1,1,1,1,1,139
2671,1,1,0,1,1,104049
2672,1,0,0,0,0,139
2673,0,0,0,0,1,206540
2674,1,1,1,0,0,205398
2675,0,0,0,0,1,204463
2676,1,0,0,0,1,205881
2677,0,0,0,0,0,139
2678,1,1,0,1,1,102791
2679,1,0,1,1,0,207858
2680,1,1,0,1,0,103146
2681,1,1,0,0,0,102063
2682,0,1,0,1,1,104612
2683,1,0,0,1,0,103003
2684,1,0,0,1,1,207092
2685,0,1,0,1,0,139
2686,1,1,1,0,1,139
2687,0,0,1,0,0,103614
2688,0,1,0,0,0,103587
2689,0,0,1,0,1,104260
2690,1,1,1,0,1,139
2691,0,1,0,0,1,104314
2692,1,0,1,0,1,102444
2693,1,1,0,1,0,103299
2694,1,1,1,1,1,137
2695,1,0,1,0,0,209358
2696,1,0,0,0,1,208150
2697,1,0,0,0,0,139
2698,0,1,0,1,1,103676
2699,1,0,1,0,1,104338
2700,1,1,0,0,0,103713
2701,0,0,1,0,1,102959
2702,0,1,0,1,1,104365
2703,1,0,0,1,0,104381
2704,0,1,0,0,1,104179
2705,0,0,0,1,1,139
2706,0,0,1,1,0,126
2707,1,0,1,1,0,210023
2708,1,1,1,1,1,139
2709,1,0,1,1,1,207777
2710,1,1,0,0,0,104729
2711,1,0,0,1,0,103068
2712,1,1,1,0,0,208908
2713,1,0,0,0,0,139
2714,1,1,1,0,1,139
2715,0,0,1,1,0,139
2716,0,0,0,1,0,209059
2717,1,0,1,0,1,103453
2718,0,1,0,1,1,103448
2719,1,0,1,1,0,209481
2720,1,1,0,1,0,103965
2721,0,0,1,0,0,105599
2722,1,1,0,0,0,105486
2723,1,1,0,1,0,106431
2724,0,0,0,1,0,209967
2725,0,0,1,1,0,139
2726,0,0,0,1,0,211974
2727,1,1,1,0,1,140
2728,1,0,0,1,0,106283
2729,0,1,1,1,0,139
2730,0,1,1,1,0,139
2731,1,0,0,0,1,211130
2732,0,0,0,1,0,210002
2733,1,1,1,0,0,211256
2734,0,0,0,0,1,211111
2735,0,0,0,1,0,210427
2736,1,1,0,1,0,105447
2737,1,0,0,0,1,210949
2738,1,0,0,1,0,105953
2739,1,0,0,0,1,209902
2740,1,0,1,0,1,104953
2741,1,0,1,1,1,212038
2742,1,0,0,1,0,105995
2743,0,0,1,1,0,139
2744,0,1,0,0,0,105764
2745,1,0,0,1,0,105192
2746,0,0,0,1,0,209602
2747,1,0,0,0,1,211908
2748,1,0,1,1,0,212176
2749,0,0,1,1,0,139
2750,0,0,0,0,0,139
2751,1,1,0,1,1,105419
2752,1,1,1,1,0,139
2753,1,0,1,0,1,106651
2754,0,1,0,0,1,106539
2755,1,0,1,1,0,215203
2756,1,1,1,1,1,139
2757,1,1,1,1,0,139
2758,1,1,1,1,1,140
2759,0,0,1,1,0,136
2760,1,0,0,1,1,213904
2761,1,1,1,1,0,137
2762,0,0,1,0,1,107449
2763,0,1,0,0,1,106458
2764,1,1,1,0,1,139
2765,1,1,1,1,0,139
2766,1,0,1,1,1,214642
2767,0,1,0,0,0,106705
2768,0,1,1,0,1,139
2769,1,1,0,0,0,108095
2770,0,1,0,0,1,108351
2771,1,1,1,0,1,137
2772,1,0,0,1,1,214305
2773,0,1,0,1,0,140
2774,0,0,1,0,0,106336
2775,1,0,1,0,1,107624
2776,1,0,1,1,1,213646
2777,0,1,1,1,1,213902
2778,1,1,0,0,1,214394
2779,1,1,0,1,1,106470
2780,0,1,0,1,0,139
2781,0,0,1,0,1,107264
2782,0,1,1,0,1,140
2783,1,0,0,0,1,214582
2784,1,1,0,0,0,106096
2785,0,1,0,1,1,107882
2786,0,0,0,0,1,215937
2787,1,1,1,1,1,137
2788,0,0,1,1,0,139
2789,0,1,0,0,0,107874
2790,0,0,1,1,0,139
2791,0,0,0,1,0,204568
2792,0,0,1,0,0,102159
2793,1,1,1,1,1,129
2794,0,0,0,1,0,209282
2795,0,0,0,1,0,215252
2796,0,0,0,1,1,131
2797,1,0,1,1,0,201110
2798,1,1,0,1,1,107635
2799,0,1,0,0,1,105649
2800,1,1,1,1,0,139
2801,1,0,0,1,0,109640
2802,0,0,0,0,1,215281
2803,0,1,1,1,0,139
2804,1,1,1,1,1,139
2805,1,0,1,1,0,214657
2806,1,1,1,0,0,215248
2807,0,0,1,0,0,108280
2808,0,0,1,0,1,107565
2809,1,1,1,1,1,139
2810,1,0,0,0,0,139
2811,1,1,0,0,1,216881
2812,0,1,1,1,0,120
2813,1,0,1,1,1,216559
2814,1,1,0,0,0,107524
2815,1,0,0,1,1,217107
2816,1,0,0,0,0,136
2817,1,0,0,1,1,220959
2818,1,0,1,0,1,109045
2819,1,0,0,0,1,218398
2820,0,0,0,0,0,139
2821,0,0,1,0,1,110000
2822,0,1,1,0,0,220635
2823,1,1,1,1,0,139
2824,1,1,0,1,1,109247
2825,0,1,0,1,0,139
2826,0,1,0,0,0,109459
2827,1,0,0,1,1,218884
2828,0,1,1,1,0,139
2829,0,0,0,0,1,220123
2830,0,1,1,1,1,218744
2831,0,0,0,0,0,139
2832,0,0,0,0,1,219532
2833,1,0,0,1,0,109751
2834,1,1,1,0,1,131
2835,1,0,0,1,0,110251
2836,0,0,1,1,1,108414
2837,1,1,1,0,1,140
2838,1,0,0,1,1,217289
2839,0,0,0,1,1,139
2840,0,0,0,0,1,219262
2841,0,1,1,1,1,214205
2842,0,0,1,0,1,105682
2843,1,1,1,1,0,140
2844,0,1,0,0,0,108964
2845,1,0,1,1,1,220316
2846,0,0,1,0,0,109108
2847,1,1,0,0,0,109662
2848,1,1,1,0,0,218254
2849,1,0,1,0,0,221379
2850,0,0,1,0,0,109809
2851,1,1,1,0,1,139
2852,1,0,1,0,0,221240
2853,0,1,1,1,0,139
2854,0,0,0,0,0,139
2855,1,1,1,0,0,220868
2856,0,1,1,0,1,139
2857,0,1,1,1,1,220243
2858,0,1,0,1,0,138
2859,0,1,0,0,0,111286
2860,0,0,1,0,1,109407
2861,1,0,1,0,1,109809
2862,1,0,0,0,0,139
2863,1,1,1,1,0,139
2864,1,0,1,1,1,220154
2865,0,0,0,1,1,136
2866,1,1,1,0,1,139
2867,1,1,1,0,1,139
2868,1,1,1,0,1,139
2869,0,1,1,1,0,139
2870,0,0,1,1,1,110340
2871,0,1,0,1,0,139
2872,1,0,0,1,1,221456
2873,1,0,1,0,0,221023
2874,1,0,0,1,1,220591
2875,1,1,0,0,0,110726
2876,0,0,0,0,0,141
2877,0,1,0,0,1,111226
2878,0,0,0,0,1,221369
2879,0,1,0,1,1,111578
2880,1,0,1,0,0,222195
2881,0,0,1,0,0,111632
2882,0,0,0,1,0,223162
2883,1,1,1,1,1,139
2884,0,1,0,1,0,139
2885,1,0,1,1,1,223040
2886,1,1,1,1,0,140
2887,1,1,0,1,0,110950
2888,1,1,0,0,1,225122
2889,0,1,0,0,1,112959
2890,1,0,1,0,0,222009
2891,0,0,0,1,0,222868
2892,0,1,0,1,0,139
2893,0,0,1,0,0,110347
2894,0,0,0,1,1,140
2895,1,1,0,0,1,224398
2896,1,0,0,0,0,139
2897,0,1,1,1,1,223432
2898,0,0,1,0,0,110904
2899,1,0,1,0,0,223230
2900,0,0,1,1,0,117
2901,0,0,1,1,1,111841
2902,1,0,1,1,1,223167
2903,0,1,1,1,0,139
2904,1,0,1,1,1,225067
2905,1,0,0,1,0,111613
2906,1,0,1,1,1,224501
2907,0,0,0,0,0,138
2908,0,1,1,1,1,225814
2909,1,1,1,0,0,223218
2910,1,0,1,1,1,225292
2911,0,1,1,1,0,139
2912,0,1,0,1,1,111756
2913,0,1,0,0,0,113837
2914,1,0,0,1,1,226368
2915,1,0,1,1,0,226687
2916,0,0,1,0,0,114183
2917,0,0,1,0,0,113169
2918,1,0,1,1,0,228717
2919,1,0,0,1,0,113607
2920,0,0,1,1,1,112967
2921,0,0,0,0,0,139
2922,1,1,1,0,1,139
2923,0,1,0,0,0,113125
2924,0,0,0,0,0,139
2925,0,0,1,0,1,114154
2926,0,1,1,0,1,139
2927,1,0,0,0,0,139
2928,0,0,0,1,0,226957
2929,0,0,1,1,0,139
2930,1,1,1,1,1,140
2931,1,0,0,0,1,226712
2932,0,1,1,1,0,139
2933,0,1,0,1,1,113431
2934,1,0,1,1,1,227484
2935,1,1,0,1,1,112700
2936,0,1,1,0,1,139
2937,1,0,0,1,0,113798
2938,0,0,1,1,1,112305
2939,0,1,1,0,0,225702
2940,1,1,1,0,1,139
2941,1,1,0,1,0,112682
2942,0,0,1,0,0,111936
2943,0,0,1,1,1,114356
2944,1,1,1,1,1,139
2945,1,1,1,1,1,140
2946,1,0,0,0,0,139
2947,1,1,1,0,1,137
2948,0,0,0,1,1,139
2949,1,1,0,0,1,227866
2950,0,1,1,0,0,228893
2951,0,1,0,1,0,139
2952,1,1,0,0,0,114279
2953,0,0,0,0,1,227992
2954,0,0,0,1,0,229405
2955,1,1,1,0,1,139
2956,0,0,1,1,0,139
2957,0,1,0,0,0,114959
2958,1,1,1,1,0,137
2959,1,0,1,0,0,226789
2960,0,1,0,1,0,139
2961,0,0,1,0,1,114236
2962,0,1,1,1,1,227289
2963,0,1,0,1,1,114513
2964,1,1,1,1,1,136
2965,1,1,0,1,0,114678
2966,1,0,0,1,1,228966
2967,1,1,1,1,0,139
2968,0,0,1,1,0,140
2969,0,1,1,0,1,139
2970,1,1,1,0,1,139
2971,0,1,1,1,1,225552
2972,1,0,1,0,1,114092
2973,0,0,1,0,0,114850
2974,0,0,1,1,0,139
2975,1,1,1,0,0,228559
2976,1,0,1,0,0,223019
2977,0,1,1,0,0,230762
2978,1,1,0,1,0,117080
2979,1,1,0,0,0,114629
2980,0,0,1,1,1,114902
2981,1,1,0,0,1,231136
2982,1,0,1,0,0,228863
2983,0,0,1,0,0,115795
2984,0,1,0,0,1,115167
2985,1,0,0,0,0,139
2986,0,0,0,0,1,229927
2987,0,1,1,0,1,139
2988,1,1,1,1,1,139
2989,1,0,0,0,1,232617
2990,0,1,1,1,0,138
2991,0,0,1,1,0,139
2992,1,0,0,0,1,230898
2993,0,0,0,0,1,229421
2994,1,1,0,0,0,115480
2995,1,1,1,0,0,232755
2996,0,0,1,0,0,114604
2997,1,0,0,1,0,116181
2998,1,1,0,0,1,229926
2999,0,0,0,0,0,139
3000,1,0,1,1,0,232164
3001,0,1,1,1,0,115
3002,0,0,0,1,0,231777
3003,0,1,1,1,1,229818
3004,1,0,1,0,1,116499
3005,1,0,0,1,0,115822
3006,0,1,1,1,0,140
3007,1,1,1,1,0,140
3008,1,1,1,1,1,139
3009,0,1,1,0,1,137
3010,0,0,0,0,1,234655
3011,0,1,0,0,0,117914
3012,0,0,0,1,0,233666
3013,0,1,0,0,1,116871
3014,1,0,0,0,1,233083
3015,1,0,1,1,1,234118
3016,0,1,0,0,1,116271
3017,1,0,1,1,1,233378
3018,0,1,0,1,0,139
3019,1,0,0,1,1,233914
3020,1,1,1,0,0,232544
3021,0,1,0,0,0,117445
3022,0,0,1,0,1,116651
3023,0,0,0,0,0,140
3024,0,0,0,1,1,139
3025,0,1,1,0,0,235526
3026,0,0,0,0,0,138
3027,1,0,0,1,0,116663
3028,0,0,1,1,0,139
3029,0,0,0,1,0,233786
3030,1,0,0,0,1,232966
3031,0,0,0,1,0,232611
3032,0,1,1,0,0,233949
3033,1,0,0,0,0,139
3034,0,0,1,0,1,117060
3035,0,1,0,1,0,140
3036,1,0,0,1,0,115672
3037,1,1,0,1,0,117481
3038,1,0,1,1,0,234040
3039,0,1,1,0,1,140
3040,0,1,0,1,1,116887
3041,1,0,0,1,1,235752
3042,1,0,1,1,0,237097
3043,0,0,0,1,1,140
3044,1,0,0,1,1,236950
3045,0,0,1,0,0,118031
3046,0,1,1,0,0,235480
3047,1,1,1,0,1,137
3048,0,0,0,1,1,138
3049,0,1,0,1,0,139
3050,0,0,0,1,1,136
3051,0,1,1,1,0,139
3052,1,0,1,1,0,236796
3053,1,1,1,1,0,139
3054,1,1,1,1,1,139
3055,1,1,1,1,0,139
3056,0,0,0,1,1,139
3057,1,1,1,0,0,236474
3058,1,1,0,1,0,117295
3059,0,1,1,0,1,139
3060,0,1,0,1,1,118701
3061,1,1,1,0,0,235799
3062,0,1,1,0,0,236366
3063,0,1,0,1,1,118056
3064,0,0,1,0,1,118072
3065,0,1,1,1,1,234442
3066,0,1,1,1,1,235872
3067,0,0,0,0,1,235607
3068,1,1,1,0,1,139
3069,0,0,1,1,1,117248
3070,1,0,0,1,1,234923
3071,0,0,1,1,0,140
3072,0,0,0,1,0,236694
3073,0,1,1,0,1,139
3074,0,0,1,1,1,120472
3075,1,1,1,0,1,139
3076,0,1,0,0,0,118611
3077,0,1,1,0,0,239227
3078,0,1,1,1,1,240531
3079,0,0,1,0,0,119926
3080,1,1,0,1,1,119084
3081,0,0,1,0,0,110223
3082,0,1,0,0,0,117587
3083,0,0,1,0,0,119745
3084,0,0,0,0,0,138
3085,1,1,1,1,1,139
3086,1,1,0,1,1,128956
3087,0,0,1,0,0,133745
3088,0,1,0,1,1,136381
3089,1,0,0,0,0,166
3090,1,1,0,0,1,259513
3091,0,1,0,0,0,135747
3092,0,0,1,1,1,134029
3093,1,0,1,0,1,138197
3094,1,1,1,1,0,165
3095,1,1,1,0,1,164
3096,1,0,0,0,1,273756
3097,1,1,0,0,1,272561
3098,1,0,1,1,1,272117
3099,1,0,1,1,1,273327
3100,0,0,1,0,1,134738
3101,1,1,1,1,1,164
3102,1,0,0,1,0,134283
3103,0,0,0,0,0,163
3104,0,1,1,0,1,164
3105,1,0,1,0,0,272227
3106,0,0,1,1,0,164
3107,1,1,1,0,0,277374
3108,1,0,0,0,1,275989
3109,0,0,0,0,1,277693
3110,1,1,0,0,1,274516
3111,0,1,0,1,0,164
3112,1,1,0,0,0,138049
3113,1,0,1,1,1,281525
3114,1,1,1,0,0,274192
3115,1,0,0,1,1,273569
3116,1,1,1,1,1,165
3117,0,0,0,0,0,163
3118,1,0,1,1,1,276578
3119,1,1,1,1,0,164
3120,1,0,0,0,1,280024
3121,0,1,1,1,0,164
3122,0,0,0,0,1,276439
3123,1,1,1,0,0,277649
3124,1,0,0,1,0,138093
3125,0,1,0,1,0,164
3126,0,1,0,0,1,134482
3127,1,1,1,1,0,164
3128,1,0,0,1,1,273406
3129,0,0,0,1,1,158
3130,0,0,1,1,0,164
3131,1,0,1,1,1,264630
3132,1,1,0,0,0,138349
3133,1,1,0,0,0,138103
3134,0,1,1,0,0,276658
3135,0,0,0,1,1,164
3136,1,1,1,0,1,164
3137,0,0,0,0,0,167
3138,1,0,1,0,0,276417
3139,0,0,1,1,0,164
3140,1,1,0,0,0,140112
3141,0,0,0,0,1,275641
3142,1,0,0,1,1,275513
3143,1,0,1,0,1,136642
3144,0,1,0,0,0,138116
3145,0,1,1,1,1,274570
3146,1,1,0,0,1,275627
3147,0,0,1,1,1,136418
3148,1,1,1,1,0,164
3149,0,1,0,1,1,141916
3150,1,1,0,1,0,141072
3151,1,0,1,1,1,277058
3152,1,1,0,1,1,135155
3153,0,0,1,1,1,136095
3154,0,0,0,0,1,273805
3155,1,0,1,0,1,136563
3156,0,1,0,1,0,164
3157,1,1,0,0,1,277860
3158,0,1,1,1,1,276869
3159,1,0,1,0,1,141939
3160,0,0,1,0,1,136730
3161,0,0,0,1,0,275684
3162,0,0,1,0,0,138070
3163,1,0,0,1,0,139975
3164,1,1,0,0,0,137846
3165,1,0,1,1,1,277284
3166,0,0,0,1,0,274432
3167,1,1,1,0,1,164
3168,0,0,1,0,1,137454
3169,0,0,1,1,1,140395
3170,1,0,1,1,0,283263
3171,0,0,1,1,0,164
3172,1,1,0,1,0,140895
3173,1,0,0,0,1,280973
3174,1,0,0,1,0,140017
3175,0,0,1,1,0,164
3176,0,1,0,0,1,143343
3177,0,0,1,1,0,164
3178,0,0,1,1,1,141333
3179,0,1,0,0,0,138809
3180,1,1,0,1,0,139479
3181,0,1,0,0,0,138336
3182,0,0,1,1,0,164
3183,1,0,0,0,0,164
3184,0,0,0,1,0,285617
3185,0,0,0,1,0,279170
3186,1,1,1,1,1,164
3187,1,0,1,1,0,280627
3188,0,0,0,1,0,282920
3189,0,0,0,0,1,279922
3190,1,1,0,0,0,140907
3191,0,0,1,1,0,164
3192,0,0,1,1,0,164
3193,0,0,1,1,1,142266
3194,1,0,0,1,0,140340
3195,0,0,0,0,0,163
3196,0,1,0,1,0,164
3197,0,1,0,0,1,140021
3198,1,0,1,0,0,278616
3199,1,0,1,0,0,281344
3200,1,0,0,1,1,281988